ticker,score,month,rank
MU,0.1051470144023164,2005-01,1.0
ASML,0.0877872293863292,2005-01,2.0
INTC,0.0672086569020069,2005-01,3.0
AMD,0.0434721581966472,2005-01,4.0
GS,0.0402048087092932,2005-01,5.0
SMH,0.0365700795034889,2005-01,6.0
MS,0.0246155305989736,2005-01,7.0
CVX,0.0228986952989795,2005-01,8.0
SLV,0.0206457911961853,2005-01,9.0
XOM,0.0191956561266816,2005-01,10.0
MU,0.1051470144023164,2005-02,1.0
ASML,0.0877872293863292,2005-02,2.0
INTC,0.0672086569020069,2005-02,3.0
AMD,0.0434721581966472,2005-02,4.0
GS,0.0402048087092932,2005-02,5.0
SMH,0.0365700795034889,2005-02,6.0
MS,0.0246155305989736,2005-02,7.0
CVX,0.0228986952989795,2005-02,8.0
SLV,0.0206457911961853,2005-02,9.0
XOM,0.0191956561266816,2005-02,10.0
MU,0.1051470144023164,2005-03,1.0
ASML,0.0877872293863292,2005-03,2.0
INTC,0.0672086569020069,2005-03,3.0
AMD,0.0434721581966472,2005-03,4.0
GS,0.0402048087092932,2005-03,5.0
SMH,0.0365700795034889,2005-03,6.0
MS,0.0246155305989736,2005-03,7.0
CVX,0.0228986952989795,2005-03,8.0
SLV,0.0206457911961853,2005-03,9.0
XOM,0.0191956561266816,2005-03,10.0
MU,0.1051470144023164,2005-04,1.0
ASML,0.0877872293863292,2005-04,2.0
INTC,0.0672086569020069,2005-04,3.0
AMD,0.0434721581966472,2005-04,4.0
GS,0.0402048087092932,2005-04,5.0
SMH,0.0365700795034889,2005-04,6.0
MS,0.0246155305989736,2005-04,7.0
CVX,0.0228986952989795,2005-04,8.0
SLV,0.0206457911961853,2005-04,9.0
XOM,0.0191956561266816,2005-04,10.0
MU,0.1051470144023164,2005-05,1.0
ASML,0.0877872293863292,2005-05,2.0
INTC,0.0672086569020069,2005-05,3.0
AMD,0.0434721581966472,2005-05,4.0
GS,0.0402048087092932,2005-05,5.0
SMH,0.0365700795034889,2005-05,6.0
MS,0.0246155305989736,2005-05,7.0
CVX,0.0228986952989795,2005-05,8.0
SLV,0.0206457911961853,2005-05,9.0
XOM,0.0191956561266816,2005-05,10.0
MU,0.1051470144023164,2005-06,1.0
ASML,0.0877872293863292,2005-06,2.0
INTC,0.0672086569020069,2005-06,3.0
AMD,0.0434721581966472,2005-06,4.0
GS,0.0402048087092932,2005-06,5.0
SMH,0.0365700795034889,2005-06,6.0
MS,0.0246155305989736,2005-06,7.0
CVX,0.0228986952989795,2005-06,8.0
SLV,0.0206457911961853,2005-06,9.0
XOM,0.0191956561266816,2005-06,10.0
MU,0.1051470144023164,2005-07,1.0
ASML,0.0877872293863292,2005-07,2.0
INTC,0.0672086569020069,2005-07,3.0
AMD,0.0434721581966472,2005-07,4.0
GS,0.0402048087092932,2005-07,5.0
SMH,0.0365700795034889,2005-07,6.0
MS,0.0246155305989736,2005-07,7.0
CVX,0.0228986952989795,2005-07,8.0
SLV,0.0206457911961853,2005-07,9.0
XOM,0.0191956561266816,2005-07,10.0
MU,0.1051470144023164,2005-08,1.0
ASML,0.0877872293863292,2005-08,2.0
INTC,0.0672086569020069,2005-08,3.0
AMD,0.0434721581966472,2005-08,4.0
GS,0.0402048087092932,2005-08,5.0
SMH,0.0365700795034889,2005-08,6.0
MS,0.0246155305989736,2005-08,7.0
CVX,0.0228986952989795,2005-08,8.0
SLV,0.0206457911961853,2005-08,9.0
XOM,0.0191956561266816,2005-08,10.0
MU,0.1051470144023164,2005-09,1.0
ASML,0.0877872293863292,2005-09,2.0
INTC,0.0672086569020069,2005-09,3.0
AMD,0.0434721581966472,2005-09,4.0
GS,0.0402048087092932,2005-09,5.0
SMH,0.0365700795034889,2005-09,6.0
MS,0.0246155305989736,2005-09,7.0
CVX,0.0228986952989795,2005-09,8.0
SLV,0.0206457911961853,2005-09,9.0
XOM,0.0191956561266816,2005-09,10.0
MU,0.1051470144023164,2005-10,1.0
ASML,0.0877872293863292,2005-10,2.0
INTC,0.0672086569020069,2005-10,3.0
AMD,0.0434721581966472,2005-10,4.0
GS,0.0402048087092932,2005-10,5.0
SMH,0.0365700795034889,2005-10,6.0
MS,0.0246155305989736,2005-10,7.0
CVX,0.0228986952989795,2005-10,8.0
SLV,0.0206457911961853,2005-10,9.0
XOM,0.0191956561266816,2005-10,10.0
MU,0.1051470144023164,2005-11,1.0
ASML,0.0877872293863292,2005-11,2.0
INTC,0.0672086569020069,2005-11,3.0
AMD,0.0434721581966472,2005-11,4.0
GS,0.0402048087092932,2005-11,5.0
SMH,0.0365700795034889,2005-11,6.0
MS,0.0246155305989736,2005-11,7.0
CVX,0.0228986952989795,2005-11,8.0
SLV,0.0206457911961853,2005-11,9.0
XOM,0.0191956561266816,2005-11,10.0
MU,0.1051470144023164,2005-12,1.0
ASML,0.0877872293863292,2005-12,2.0
INTC,0.0672086569020069,2005-12,3.0
AMD,0.0434721581966472,2005-12,4.0
GS,0.0402048087092932,2005-12,5.0
SMH,0.0365700795034889,2005-12,6.0
MS,0.0246155305989736,2005-12,7.0
CVX,0.0228986952989795,2005-12,8.0
SLV,0.0206457911961853,2005-12,9.0
XOM,0.0191956561266816,2005-12,10.0
MU,0.1051470144023164,2006-01,1.0
ASML,0.0877872293863292,2006-01,2.0
INTC,0.0672086569020069,2006-01,3.0
AMD,0.0434721581966472,2006-01,4.0
GS,0.0402048087092932,2006-01,5.0
SMH,0.0365700795034889,2006-01,6.0
MS,0.0246155305989736,2006-01,7.0
CVX,0.0228986952989795,2006-01,8.0
SLV,0.0206457911961853,2006-01,9.0
XOM,0.0191956561266816,2006-01,10.0
MU,0.1051470144023164,2006-02,1.0
ASML,0.0877872293863292,2006-02,2.0
INTC,0.0672086569020069,2006-02,3.0
AMD,0.0434721581966472,2006-02,4.0
GS,0.0402048087092932,2006-02,5.0
SMH,0.0365700795034889,2006-02,6.0
MS,0.0246155305989736,2006-02,7.0
CVX,0.0228986952989795,2006-02,8.0
SLV,0.0206457911961853,2006-02,9.0
XOM,0.0191956561266816,2006-02,10.0
MU,0.1051470144023164,2006-03,1.0
ASML,0.0877872293863292,2006-03,2.0
INTC,0.0672086569020069,2006-03,3.0
AMD,0.0434721581966472,2006-03,4.0
GS,0.0402048087092932,2006-03,5.0
SMH,0.0365700795034889,2006-03,6.0
MS,0.0246155305989736,2006-03,7.0
CVX,0.0228986952989795,2006-03,8.0
SLV,0.0206457911961853,2006-03,9.0
XOM,0.0191956561266816,2006-03,10.0
MU,0.1051470144023164,2006-04,1.0
ASML,0.0877872293863292,2006-04,2.0
INTC,0.0672086569020069,2006-04,3.0
AMD,0.0434721581966472,2006-04,4.0
GS,0.0402048087092932,2006-04,5.0
SMH,0.0365700795034889,2006-04,6.0
MS,0.0246155305989736,2006-04,7.0
CVX,0.0228986952989795,2006-04,8.0
SLV,0.0206457911961853,2006-04,9.0
XOM,0.0191956561266816,2006-04,10.0
MU,0.1051470144023164,2006-05,1.0
ASML,0.0877872293863292,2006-05,2.0
INTC,0.0672086569020069,2006-05,3.0
AMD,0.0434721581966472,2006-05,4.0
GS,0.0402048087092932,2006-05,5.0
SMH,0.0365700795034889,2006-05,6.0
MS,0.0246155305989736,2006-05,7.0
CVX,0.0228986952989795,2006-05,8.0
SLV,0.0206457911961853,2006-05,9.0
XOM,0.0191956561266816,2006-05,10.0
MU,0.1051470144023164,2006-06,1.0
ASML,0.0877872293863292,2006-06,2.0
INTC,0.0672086569020069,2006-06,3.0
AMD,0.0434721581966472,2006-06,4.0
GS,0.0402048087092932,2006-06,5.0
SMH,0.0365700795034889,2006-06,6.0
MS,0.0246155305989736,2006-06,7.0
CVX,0.0228986952989795,2006-06,8.0
SLV,0.0206457911961853,2006-06,9.0
XOM,0.0191956561266816,2006-06,10.0
MU,0.1051470144023164,2006-07,1.0
ASML,0.0877872293863292,2006-07,2.0
INTC,0.0672086569020069,2006-07,3.0
AMD,0.0434721581966472,2006-07,4.0
GS,0.0402048087092932,2006-07,5.0
SMH,0.0365700795034889,2006-07,6.0
MS,0.0246155305989736,2006-07,7.0
CVX,0.0228986952989795,2006-07,8.0
SLV,0.0206457911961853,2006-07,9.0
XOM,0.0191956561266816,2006-07,10.0
MU,0.1051470144023164,2006-08,1.0
ASML,0.0877872293863292,2006-08,2.0
INTC,0.0672086569020069,2006-08,3.0
AMD,0.0434721581966472,2006-08,4.0
GS,0.0402048087092932,2006-08,5.0
SMH,0.0365700795034889,2006-08,6.0
MS,0.0246155305989736,2006-08,7.0
CVX,0.0228986952989795,2006-08,8.0
SLV,0.0206457911961853,2006-08,9.0
XOM,0.0191956561266816,2006-08,10.0
MU,0.1051470144023164,2006-09,1.0
ASML,0.0877872293863292,2006-09,2.0
INTC,0.0672086569020069,2006-09,3.0
AMD,0.0434721581966472,2006-09,4.0
GS,0.0402048087092932,2006-09,5.0
SMH,0.0365700795034889,2006-09,6.0
MS,0.0246155305989736,2006-09,7.0
CVX,0.0228986952989795,2006-09,8.0
SLV,0.0206457911961853,2006-09,9.0
XOM,0.0191956561266816,2006-09,10.0
MU,0.1051470144023164,2006-10,1.0
ASML,0.0877872293863292,2006-10,2.0
INTC,0.0672086569020069,2006-10,3.0
AMD,0.0434721581966472,2006-10,4.0
GS,0.0402048087092932,2006-10,5.0
SMH,0.0365700795034889,2006-10,6.0
MS,0.0246155305989736,2006-10,7.0
CVX,0.0228986952989795,2006-10,8.0
SLV,0.0206457911961853,2006-10,9.0
XOM,0.0191956561266816,2006-10,10.0
MU,0.1051470144023164,2006-11,1.0
ASML,0.0877872293863292,2006-11,2.0
INTC,0.0672086569020069,2006-11,3.0
AMD,0.0434721581966472,2006-11,4.0
GS,0.0402048087092932,2006-11,5.0
SMH,0.0365700795034889,2006-11,6.0
MS,0.0246155305989736,2006-11,7.0
CVX,0.0228986952989795,2006-11,8.0
SLV,0.0206457911961853,2006-11,9.0
XOM,0.0191956561266816,2006-11,10.0
MU,0.1051470144023164,2006-12,1.0
ASML,0.0877872293863292,2006-12,2.0
INTC,0.0672086569020069,2006-12,3.0
AMD,0.0434721581966472,2006-12,4.0
GS,0.0402048087092932,2006-12,5.0
SMH,0.0365700795034889,2006-12,6.0
MS,0.0246155305989736,2006-12,7.0
CVX,0.0228986952989795,2006-12,8.0
SLV,0.0206457911961853,2006-12,9.0
XOM,0.0191956561266816,2006-12,10.0
MU,0.1051470144023164,2007-01,1.0
ASML,0.0877872293863292,2007-01,2.0
INTC,0.0672086569020069,2007-01,3.0
AMD,0.0434721581966472,2007-01,4.0
GS,0.0402048087092932,2007-01,5.0
SMH,0.0365700795034889,2007-01,6.0
MS,0.0246155305989736,2007-01,7.0
CVX,0.0228986952989795,2007-01,8.0
SLV,0.0206457911961853,2007-01,9.0
XOM,0.0191956561266816,2007-01,10.0
MU,0.1051470144023164,2007-02,1.0
ASML,0.0877872293863292,2007-02,2.0
INTC,0.0672086569020069,2007-02,3.0
AMD,0.0434721581966472,2007-02,4.0
GS,0.0402048087092932,2007-02,5.0
SMH,0.0365700795034889,2007-02,6.0
MS,0.0246155305989736,2007-02,7.0
CVX,0.0228986952989795,2007-02,8.0
SLV,0.0206457911961853,2007-02,9.0
XOM,0.0191956561266816,2007-02,10.0
MU,0.1051470144023164,2007-03,1.0
ASML,0.0877872293863292,2007-03,2.0
INTC,0.0672086569020069,2007-03,3.0
AMD,0.0434721581966472,2007-03,4.0
GS,0.0402048087092932,2007-03,5.0
SMH,0.0365700795034889,2007-03,6.0
MS,0.0246155305989736,2007-03,7.0
CVX,0.0228986952989795,2007-03,8.0
SLV,0.0206457911961853,2007-03,9.0
XOM,0.0191956561266816,2007-03,10.0
MU,0.1051470144023164,2007-04,1.0
ASML,0.0877872293863292,2007-04,2.0
INTC,0.0672086569020069,2007-04,3.0
AMD,0.0434721581966472,2007-04,4.0
GS,0.0402048087092932,2007-04,5.0
SMH,0.0365700795034889,2007-04,6.0
MS,0.0246155305989736,2007-04,7.0
CVX,0.0228986952989795,2007-04,8.0
SLV,0.0206457911961853,2007-04,9.0
XOM,0.0191956561266816,2007-04,10.0
MU,0.1051470144023164,2007-05,1.0
ASML,0.0877872293863292,2007-05,2.0
INTC,0.0672086569020069,2007-05,3.0
AMD,0.0434721581966472,2007-05,4.0
GS,0.0402048087092932,2007-05,5.0
SMH,0.0365700795034889,2007-05,6.0
MS,0.0246155305989736,2007-05,7.0
CVX,0.0228986952989795,2007-05,8.0
SLV,0.0206457911961853,2007-05,9.0
XOM,0.0191956561266816,2007-05,10.0
MU,0.1051470144023164,2007-06,1.0
ASML,0.0877872293863292,2007-06,2.0
INTC,0.0672086569020069,2007-06,3.0
AMD,0.0434721581966472,2007-06,4.0
GS,0.0402048087092932,2007-06,5.0
SMH,0.0365700795034889,2007-06,6.0
MS,0.0246155305989736,2007-06,7.0
CVX,0.0228986952989795,2007-06,8.0
SLV,0.0206457911961853,2007-06,9.0
XOM,0.0191956561266816,2007-06,10.0
MU,0.1051470144023164,2007-07,1.0
ASML,0.0877872293863292,2007-07,2.0
INTC,0.0672086569020069,2007-07,3.0
AMD,0.0434721581966472,2007-07,4.0
GS,0.0402048087092932,2007-07,5.0
SMH,0.0365700795034889,2007-07,6.0
MS,0.0246155305989736,2007-07,7.0
CVX,0.0228986952989795,2007-07,8.0
SLV,0.0206457911961853,2007-07,9.0
XOM,0.0191956561266816,2007-07,10.0
MU,0.1051470144023164,2007-08,1.0
ASML,0.0877872293863292,2007-08,2.0
INTC,0.0672086569020069,2007-08,3.0
AMD,0.0434721581966472,2007-08,4.0
GS,0.0402048087092932,2007-08,5.0
SMH,0.0365700795034889,2007-08,6.0
MS,0.0246155305989736,2007-08,7.0
CVX,0.0228986952989795,2007-08,8.0
SLV,0.0206457911961853,2007-08,9.0
XOM,0.0191956561266816,2007-08,10.0
MU,0.1051470144023164,2007-09,1.0
ASML,0.0877872293863292,2007-09,2.0
INTC,0.0672086569020069,2007-09,3.0
AMD,0.0434721581966472,2007-09,4.0
GS,0.0402048087092932,2007-09,5.0
SMH,0.0365700795034889,2007-09,6.0
MS,0.0246155305989736,2007-09,7.0
CVX,0.0228986952989795,2007-09,8.0
SLV,0.0206457911961853,2007-09,9.0
XOM,0.0191956561266816,2007-09,10.0
MU,0.1051470144023164,2007-10,1.0
ASML,0.0877872293863292,2007-10,2.0
INTC,0.0672086569020069,2007-10,3.0
AMD,0.0434721581966472,2007-10,4.0
GS,0.0402048087092932,2007-10,5.0
SMH,0.0365700795034889,2007-10,6.0
MS,0.0246155305989736,2007-10,7.0
CVX,0.0228986952989795,2007-10,8.0
SLV,0.0206457911961853,2007-10,9.0
XOM,0.0191956561266816,2007-10,10.0
MU,0.1051470144023164,2007-11,1.0
ASML,0.0877872293863292,2007-11,2.0
INTC,0.0672086569020069,2007-11,3.0
AMD,0.0434721581966472,2007-11,4.0
GS,0.0402048087092932,2007-11,5.0
SMH,0.0365700795034889,2007-11,6.0
MS,0.0246155305989736,2007-11,7.0
CVX,0.0228986952989795,2007-11,8.0
SLV,0.0206457911961853,2007-11,9.0
XOM,0.0191956561266816,2007-11,10.0
MU,0.1051470144023164,2007-12,1.0
ASML,0.0877872293863292,2007-12,2.0
INTC,0.0672086569020069,2007-12,3.0
AMD,0.0434721581966472,2007-12,4.0
GS,0.0402048087092932,2007-12,5.0
SMH,0.0365700795034889,2007-12,6.0
MS,0.0246155305989736,2007-12,7.0
CVX,0.0228986952989795,2007-12,8.0
SLV,0.0206457911961853,2007-12,9.0
XOM,0.0191956561266816,2007-12,10.0
MU,0.1051470144023164,2008-01,1.0
ASML,0.0877872293863292,2008-01,2.0
INTC,0.0672086569020069,2008-01,3.0
AMD,0.0434721581966472,2008-01,4.0
GS,0.0402048087092932,2008-01,5.0
SMH,0.0365700795034889,2008-01,6.0
MS,0.0246155305989736,2008-01,7.0
CVX,0.0228986952989795,2008-01,8.0
SLV,0.0206457911961853,2008-01,9.0
XOM,0.0191956561266816,2008-01,10.0
MU,0.1051470144023164,2008-02,1.0
ASML,0.0877872293863292,2008-02,2.0
INTC,0.0672086569020069,2008-02,3.0
AMD,0.0434721581966472,2008-02,4.0
GS,0.0402048087092932,2008-02,5.0
SMH,0.0365700795034889,2008-02,6.0
MS,0.0246155305989736,2008-02,7.0
CVX,0.0228986952989795,2008-02,8.0
SLV,0.0206457911961853,2008-02,9.0
XOM,0.0191956561266816,2008-02,10.0
MU,0.1051470144023164,2008-03,1.0
ASML,0.0877872293863292,2008-03,2.0
INTC,0.0672086569020069,2008-03,3.0
AMD,0.0434721581966472,2008-03,4.0
GS,0.0402048087092932,2008-03,5.0
SMH,0.0365700795034889,2008-03,6.0
MS,0.0246155305989736,2008-03,7.0
CVX,0.0228986952989795,2008-03,8.0
SLV,0.0206457911961853,2008-03,9.0
XOM,0.0191956561266816,2008-03,10.0
MU,0.1051470144023164,2008-04,1.0
ASML,0.0877872293863292,2008-04,2.0
INTC,0.0672086569020069,2008-04,3.0
AMD,0.0434721581966472,2008-04,4.0
GS,0.0402048087092932,2008-04,5.0
SMH,0.0365700795034889,2008-04,6.0
MS,0.0246155305989736,2008-04,7.0
CVX,0.0228986952989795,2008-04,8.0
SLV,0.0206457911961853,2008-04,9.0
XOM,0.0191956561266816,2008-04,10.0
MU,0.1051470144023164,2008-05,1.0
ASML,0.0877872293863292,2008-05,2.0
INTC,0.0672086569020069,2008-05,3.0
AMD,0.0434721581966472,2008-05,4.0
GS,0.0402048087092932,2008-05,5.0
SMH,0.0365700795034889,2008-05,6.0
MS,0.0246155305989736,2008-05,7.0
CVX,0.0228986952989795,2008-05,8.0
SLV,0.0206457911961853,2008-05,9.0
XOM,0.0191956561266816,2008-05,10.0
MU,0.1051470144023164,2008-06,1.0
ASML,0.0877872293863292,2008-06,2.0
INTC,0.0672086569020069,2008-06,3.0
AMD,0.0434721581966472,2008-06,4.0
GS,0.0402048087092932,2008-06,5.0
SMH,0.0365700795034889,2008-06,6.0
MS,0.0246155305989736,2008-06,7.0
CVX,0.0228986952989795,2008-06,8.0
SLV,0.0206457911961853,2008-06,9.0
XOM,0.0191956561266816,2008-06,10.0
MU,0.1051470144023164,2008-07,1.0
ASML,0.0877872293863292,2008-07,2.0
INTC,0.0672086569020069,2008-07,3.0
AMD,0.0434721581966472,2008-07,4.0
GS,0.0402048087092932,2008-07,5.0
SMH,0.0365700795034889,2008-07,6.0
MS,0.0246155305989736,2008-07,7.0
CVX,0.0228986952989795,2008-07,8.0
SLV,0.0206457911961853,2008-07,9.0
XOM,0.0191956561266816,2008-07,10.0
MU,0.1051470144023164,2008-08,1.0
ASML,0.0877872293863292,2008-08,2.0
INTC,0.0672086569020069,2008-08,3.0
AMD,0.0434721581966472,2008-08,4.0
GS,0.0402048087092932,2008-08,5.0
SMH,0.0365700795034889,2008-08,6.0
MS,0.0246155305989736,2008-08,7.0
CVX,0.0228986952989795,2008-08,8.0
SLV,0.0206457911961853,2008-08,9.0
XOM,0.0191956561266816,2008-08,10.0
MU,0.1051470144023164,2008-09,1.0
ASML,0.0877872293863292,2008-09,2.0
INTC,0.0672086569020069,2008-09,3.0
AMD,0.0434721581966472,2008-09,4.0
GS,0.0402048087092932,2008-09,5.0
SMH,0.0365700795034889,2008-09,6.0
MS,0.0246155305989736,2008-09,7.0
CVX,0.0228986952989795,2008-09,8.0
SLV,0.0206457911961853,2008-09,9.0
XOM,0.0191956561266816,2008-09,10.0
MU,0.1051470144023164,2008-10,1.0
ASML,0.0877872293863292,2008-10,2.0
INTC,0.0672086569020069,2008-10,3.0
AMD,0.0434721581966472,2008-10,4.0
GS,0.0402048087092932,2008-10,5.0
SMH,0.0365700795034889,2008-10,6.0
MS,0.0246155305989736,2008-10,7.0
CVX,0.0228986952989795,2008-10,8.0
SLV,0.0206457911961853,2008-10,9.0
XOM,0.0191956561266816,2008-10,10.0
MU,0.1051470144023164,2008-11,1.0
ASML,0.0877872293863292,2008-11,2.0
INTC,0.0672086569020069,2008-11,3.0
AMD,0.0434721581966472,2008-11,4.0
GS,0.0402048087092932,2008-11,5.0
SMH,0.0365700795034889,2008-11,6.0
MS,0.0246155305989736,2008-11,7.0
CVX,0.0228986952989795,2008-11,8.0
SLV,0.0206457911961853,2008-11,9.0
XOM,0.0191956561266816,2008-11,10.0
MU,0.1051470144023164,2008-12,1.0
ASML,0.0877872293863292,2008-12,2.0
INTC,0.0672086569020069,2008-12,3.0
AMD,0.0434721581966472,2008-12,4.0
GS,0.0402048087092932,2008-12,5.0
SMH,0.0365700795034889,2008-12,6.0
MS,0.0246155305989736,2008-12,7.0
CVX,0.0228986952989795,2008-12,8.0
SLV,0.0206457911961853,2008-12,9.0
XOM,0.0191956561266816,2008-12,10.0
MU,0.1051470144023164,2009-01,1.0
ASML,0.0877872293863292,2009-01,2.0
INTC,0.0672086569020069,2009-01,3.0
AMD,0.0434721581966472,2009-01,4.0
GS,0.0402048087092932,2009-01,5.0
SMH,0.0365700795034889,2009-01,6.0
MS,0.0246155305989736,2009-01,7.0
CVX,0.0228986952989795,2009-01,8.0
SLV,0.0206457911961853,2009-01,9.0
XOM,0.0191956561266816,2009-01,10.0
MU,0.1051470144023164,2009-02,1.0
ASML,0.0877872293863292,2009-02,2.0
INTC,0.0672086569020069,2009-02,3.0
AMD,0.0434721581966472,2009-02,4.0
GS,0.0402048087092932,2009-02,5.0
SMH,0.0365700795034889,2009-02,6.0
MS,0.0246155305989736,2009-02,7.0
CVX,0.0228986952989795,2009-02,8.0
SLV,0.0206457911961853,2009-02,9.0
XOM,0.0191956561266816,2009-02,10.0
MU,0.1051470144023164,2009-03,1.0
ASML,0.0877872293863292,2009-03,2.0
INTC,0.0672086569020069,2009-03,3.0
AMD,0.0434721581966472,2009-03,4.0
GS,0.0402048087092932,2009-03,5.0
SMH,0.0365700795034889,2009-03,6.0
MS,0.0246155305989736,2009-03,7.0
CVX,0.0228986952989795,2009-03,8.0
SLV,0.0206457911961853,2009-03,9.0
XOM,0.0191956561266816,2009-03,10.0
MU,0.1051470144023164,2009-04,1.0
ASML,0.0877872293863292,2009-04,2.0
INTC,0.0672086569020069,2009-04,3.0
AMD,0.0434721581966472,2009-04,4.0
GS,0.0402048087092932,2009-04,5.0
SMH,0.0365700795034889,2009-04,6.0
MS,0.0246155305989736,2009-04,7.0
CVX,0.0228986952989795,2009-04,8.0
SLV,0.0206457911961853,2009-04,9.0
XOM,0.0191956561266816,2009-04,10.0
MU,0.1051470144023164,2009-05,1.0
ASML,0.0877872293863292,2009-05,2.0
INTC,0.0672086569020069,2009-05,3.0
AMD,0.0434721581966472,2009-05,4.0
GS,0.0402048087092932,2009-05,5.0
SMH,0.0365700795034889,2009-05,6.0
MS,0.0246155305989736,2009-05,7.0
CVX,0.0228986952989795,2009-05,8.0
SLV,0.0206457911961853,2009-05,9.0
XOM,0.0191956561266816,2009-05,10.0
MU,0.1051470144023164,2009-06,1.0
ASML,0.0877872293863292,2009-06,2.0
INTC,0.0672086569020069,2009-06,3.0
AMD,0.0434721581966472,2009-06,4.0
GS,0.0402048087092932,2009-06,5.0
SMH,0.0365700795034889,2009-06,6.0
MS,0.0246155305989736,2009-06,7.0
CVX,0.0228986952989795,2009-06,8.0
SLV,0.0206457911961853,2009-06,9.0
XOM,0.0191956561266816,2009-06,10.0
MU,0.1051470144023164,2009-07,1.0
ASML,0.0877872293863292,2009-07,2.0
INTC,0.0672086569020069,2009-07,3.0
AMD,0.0434721581966472,2009-07,4.0
GS,0.0402048087092932,2009-07,5.0
SMH,0.0365700795034889,2009-07,6.0
MS,0.0246155305989736,2009-07,7.0
CVX,0.0228986952989795,2009-07,8.0
SLV,0.0206457911961853,2009-07,9.0
XOM,0.0191956561266816,2009-07,10.0
MU,0.1051470144023164,2009-08,1.0
ASML,0.0877872293863292,2009-08,2.0
INTC,0.0672086569020069,2009-08,3.0
AMD,0.0434721581966472,2009-08,4.0
GS,0.0402048087092932,2009-08,5.0
SMH,0.0365700795034889,2009-08,6.0
MS,0.0246155305989736,2009-08,7.0
CVX,0.0228986952989795,2009-08,8.0
SLV,0.0206457911961853,2009-08,9.0
XOM,0.0191956561266816,2009-08,10.0
MU,0.1051470144023164,2009-09,1.0
ASML,0.0877872293863292,2009-09,2.0
INTC,0.0672086569020069,2009-09,3.0
AMD,0.0434721581966472,2009-09,4.0
GS,0.0402048087092932,2009-09,5.0
SMH,0.0365700795034889,2009-09,6.0
MS,0.0246155305989736,2009-09,7.0
CVX,0.0228986952989795,2009-09,8.0
SLV,0.0206457911961853,2009-09,9.0
XOM,0.0191956561266816,2009-09,10.0
MU,0.1051470144023164,2009-10,1.0
ASML,0.0877872293863292,2009-10,2.0
INTC,0.0672086569020069,2009-10,3.0
AMD,0.0434721581966472,2009-10,4.0
GS,0.0402048087092932,2009-10,5.0
SMH,0.0365700795034889,2009-10,6.0
MS,0.0246155305989736,2009-10,7.0
CVX,0.0228986952989795,2009-10,8.0
SLV,0.0206457911961853,2009-10,9.0
XOM,0.0191956561266816,2009-10,10.0
MU,0.1051470144023164,2009-11,1.0
ASML,0.0877872293863292,2009-11,2.0
INTC,0.0672086569020069,2009-11,3.0
AMD,0.0434721581966472,2009-11,4.0
GS,0.0402048087092932,2009-11,5.0
SMH,0.0365700795034889,2009-11,6.0
MS,0.0246155305989736,2009-11,7.0
CVX,0.0228986952989795,2009-11,8.0
SLV,0.0206457911961853,2009-11,9.0
XOM,0.0191956561266816,2009-11,10.0
MU,0.1051470144023164,2009-12,1.0
ASML,0.0877872293863292,2009-12,2.0
INTC,0.0672086569020069,2009-12,3.0
AMD,0.0434721581966472,2009-12,4.0
GS,0.0402048087092932,2009-12,5.0
SMH,0.0365700795034889,2009-12,6.0
MS,0.0246155305989736,2009-12,7.0
CVX,0.0228986952989795,2009-12,8.0
SLV,0.0206457911961853,2009-12,9.0
XOM,0.0191956561266816,2009-12,10.0
MU,0.1051470144023164,2010-01,1.0
ASML,0.0877872293863292,2010-01,2.0
INTC,0.0672086569020069,2010-01,3.0
AMD,0.0434721581966472,2010-01,4.0
GS,0.0402048087092932,2010-01,5.0
SMH,0.0365700795034889,2010-01,6.0
MS,0.0246155305989736,2010-01,7.0
CVX,0.0228986952989795,2010-01,8.0
SLV,0.0206457911961853,2010-01,9.0
XOM,0.0191956561266816,2010-01,10.0
MU,0.1051470144023164,2010-02,1.0
ASML,0.0877872293863292,2010-02,2.0
INTC,0.0672086569020069,2010-02,3.0
AMD,0.0434721581966472,2010-02,4.0
GS,0.0402048087092932,2010-02,5.0
SMH,0.0365700795034889,2010-02,6.0
MS,0.0246155305989736,2010-02,7.0
CVX,0.0228986952989795,2010-02,8.0
SLV,0.0206457911961853,2010-02,9.0
XOM,0.0191956561266816,2010-02,10.0
MU,0.1051470144023164,2010-03,1.0
ASML,0.0877872293863292,2010-03,2.0
INTC,0.0672086569020069,2010-03,3.0
AMD,0.0434721581966472,2010-03,4.0
GS,0.0402048087092932,2010-03,5.0
SMH,0.0365700795034889,2010-03,6.0
MS,0.0246155305989736,2010-03,7.0
CVX,0.0228986952989795,2010-03,8.0
SLV,0.0206457911961853,2010-03,9.0
XOM,0.0191956561266816,2010-03,10.0
MU,0.1051470144023164,2010-04,1.0
ASML,0.0877872293863292,2010-04,2.0
INTC,0.0672086569020069,2010-04,3.0
AMD,0.0434721581966472,2010-04,4.0
GS,0.0402048087092932,2010-04,5.0
SMH,0.0365700795034889,2010-04,6.0
MS,0.0246155305989736,2010-04,7.0
CVX,0.0228986952989795,2010-04,8.0
SLV,0.0206457911961853,2010-04,9.0
XOM,0.0191956561266816,2010-04,10.0
MU,0.1051470144023164,2010-05,1.0
ASML,0.0877872293863292,2010-05,2.0
INTC,0.0672086569020069,2010-05,3.0
AMD,0.0434721581966472,2010-05,4.0
GS,0.0402048087092932,2010-05,5.0
SMH,0.0365700795034889,2010-05,6.0
MS,0.0246155305989736,2010-05,7.0
CVX,0.0228986952989795,2010-05,8.0
SLV,0.0206457911961853,2010-05,9.0
XOM,0.0191956561266816,2010-05,10.0
MU,0.1051470144023164,2010-06,1.0
ASML,0.0877872293863292,2010-06,2.0
INTC,0.0672086569020069,2010-06,3.0
AMD,0.0434721581966472,2010-06,4.0
GS,0.0402048087092932,2010-06,5.0
SMH,0.0365700795034889,2010-06,6.0
MS,0.0246155305989736,2010-06,7.0
CVX,0.0228986952989795,2010-06,8.0
SLV,0.0206457911961853,2010-06,9.0
XOM,0.0191956561266816,2010-06,10.0
MU,0.1051470144023164,2010-07,1.0
ASML,0.0877872293863292,2010-07,2.0
INTC,0.0672086569020069,2010-07,3.0
AMD,0.0434721581966472,2010-07,4.0
GS,0.0402048087092932,2010-07,5.0
SMH,0.0365700795034889,2010-07,6.0
MS,0.0246155305989736,2010-07,7.0
CVX,0.0228986952989795,2010-07,8.0
SLV,0.0206457911961853,2010-07,9.0
XOM,0.0191956561266816,2010-07,10.0
MU,0.1051470144023164,2010-08,1.0
ASML,0.0877872293863292,2010-08,2.0
INTC,0.0672086569020069,2010-08,3.0
AMD,0.0434721581966472,2010-08,4.0
GS,0.0402048087092932,2010-08,5.0
SMH,0.0365700795034889,2010-08,6.0
MS,0.0246155305989736,2010-08,7.0
CVX,0.0228986952989795,2010-08,8.0
SLV,0.0206457911961853,2010-08,9.0
XOM,0.0191956561266816,2010-08,10.0
MU,0.1051470144023164,2010-09,1.0
ASML,0.0877872293863292,2010-09,2.0
INTC,0.0672086569020069,2010-09,3.0
AMD,0.0434721581966472,2010-09,4.0
GS,0.0402048087092932,2010-09,5.0
SMH,0.0365700795034889,2010-09,6.0
MS,0.0246155305989736,2010-09,7.0
CVX,0.0228986952989795,2010-09,8.0
SLV,0.0206457911961853,2010-09,9.0
XOM,0.0191956561266816,2010-09,10.0
MU,0.1051470144023164,2010-10,1.0
ASML,0.0877872293863292,2010-10,2.0
INTC,0.0672086569020069,2010-10,3.0
AMD,0.0434721581966472,2010-10,4.0
GS,0.0402048087092932,2010-10,5.0
SMH,0.0365700795034889,2010-10,6.0
MS,0.0246155305989736,2010-10,7.0
CVX,0.0228986952989795,2010-10,8.0
SLV,0.0206457911961853,2010-10,9.0
XOM,0.0191956561266816,2010-10,10.0
MU,0.1051470144023164,2010-11,1.0
ASML,0.0877872293863292,2010-11,2.0
INTC,0.0672086569020069,2010-11,3.0
AMD,0.0434721581966472,2010-11,4.0
GS,0.0402048087092932,2010-11,5.0
SMH,0.0365700795034889,2010-11,6.0
MS,0.0246155305989736,2010-11,7.0
CVX,0.0228986952989795,2010-11,8.0
SLV,0.0206457911961853,2010-11,9.0
XOM,0.0191956561266816,2010-11,10.0
MU,0.1051470144023164,2010-12,1.0
ASML,0.0877872293863292,2010-12,2.0
INTC,0.0672086569020069,2010-12,3.0
AMD,0.0434721581966472,2010-12,4.0
GS,0.0402048087092932,2010-12,5.0
SMH,0.0365700795034889,2010-12,6.0
MS,0.0246155305989736,2010-12,7.0
CVX,0.0228986952989795,2010-12,8.0
SLV,0.0206457911961853,2010-12,9.0
XOM,0.0191956561266816,2010-12,10.0
MU,0.1051470144023164,2011-01,1.0
ASML,0.0877872293863292,2011-01,2.0
INTC,0.0672086569020069,2011-01,3.0
AMD,0.0434721581966472,2011-01,4.0
GS,0.0402048087092932,2011-01,5.0
SMH,0.0365700795034889,2011-01,6.0
MS,0.0246155305989736,2011-01,7.0
CVX,0.0228986952989795,2011-01,8.0
SLV,0.0206457911961853,2011-01,9.0
XOM,0.0191956561266816,2011-01,10.0
MU,0.1051470144023164,2011-02,1.0
ASML,0.0877872293863292,2011-02,2.0
INTC,0.0672086569020069,2011-02,3.0
AMD,0.0434721581966472,2011-02,4.0
GS,0.0402048087092932,2011-02,5.0
SMH,0.0365700795034889,2011-02,6.0
MS,0.0246155305989736,2011-02,7.0
CVX,0.0228986952989795,2011-02,8.0
SLV,0.0206457911961853,2011-02,9.0
XOM,0.0191956561266816,2011-02,10.0
MU,0.1051470144023164,2011-03,1.0
ASML,0.0877872293863292,2011-03,2.0
INTC,0.0672086569020069,2011-03,3.0
AMD,0.0434721581966472,2011-03,4.0
GS,0.0402048087092932,2011-03,5.0
SMH,0.0365700795034889,2011-03,6.0
MS,0.0246155305989736,2011-03,7.0
CVX,0.0228986952989795,2011-03,8.0
SLV,0.0206457911961853,2011-03,9.0
XOM,0.0191956561266816,2011-03,10.0
MU,0.1051470144023164,2011-04,1.0
ASML,0.0877872293863292,2011-04,2.0
INTC,0.0672086569020069,2011-04,3.0
AMD,0.0434721581966472,2011-04,4.0
GS,0.0402048087092932,2011-04,5.0
SMH,0.0365700795034889,2011-04,6.0
MS,0.0246155305989736,2011-04,7.0
CVX,0.0228986952989795,2011-04,8.0
SLV,0.0206457911961853,2011-04,9.0
XOM,0.0191956561266816,2011-04,10.0
MU,0.1051470144023164,2011-05,1.0
ASML,0.0877872293863292,2011-05,2.0
INTC,0.0672086569020069,2011-05,3.0
AMD,0.0434721581966472,2011-05,4.0
GS,0.0402048087092932,2011-05,5.0
SMH,0.0365700795034889,2011-05,6.0
MS,0.0246155305989736,2011-05,7.0
CVX,0.0228986952989795,2011-05,8.0
SLV,0.0206457911961853,2011-05,9.0
XOM,0.0191956561266816,2011-05,10.0
MU,0.1051470144023164,2011-06,1.0
ASML,0.0877872293863292,2011-06,2.0
INTC,0.0672086569020069,2011-06,3.0
AMD,0.0434721581966472,2011-06,4.0
GS,0.0402048087092932,2011-06,5.0
SMH,0.0365700795034889,2011-06,6.0
MS,0.0246155305989736,2011-06,7.0
CVX,0.0228986952989795,2011-06,8.0
SLV,0.0206457911961853,2011-06,9.0
XOM,0.0191956561266816,2011-06,10.0
MU,0.1051470144023164,2011-07,1.0
ASML,0.0877872293863292,2011-07,2.0
INTC,0.0672086569020069,2011-07,3.0
AMD,0.0434721581966472,2011-07,4.0
GS,0.0402048087092932,2011-07,5.0
SMH,0.0365700795034889,2011-07,6.0
MS,0.0246155305989736,2011-07,7.0
CVX,0.0228986952989795,2011-07,8.0
SLV,0.0206457911961853,2011-07,9.0
XOM,0.0191956561266816,2011-07,10.0
MU,0.1051470144023164,2011-08,1.0
ASML,0.0877872293863292,2011-08,2.0
INTC,0.0672086569020069,2011-08,3.0
AMD,0.0434721581966472,2011-08,4.0
GS,0.0402048087092932,2011-08,5.0
SMH,0.0365700795034889,2011-08,6.0
MS,0.0246155305989736,2011-08,7.0
CVX,0.0228986952989795,2011-08,8.0
SLV,0.0206457911961853,2011-08,9.0
XOM,0.0191956561266816,2011-08,10.0
MU,0.1051470144023164,2011-09,1.0
ASML,0.0877872293863292,2011-09,2.0
INTC,0.0672086569020069,2011-09,3.0
AMD,0.0434721581966472,2011-09,4.0
GS,0.0402048087092932,2011-09,5.0
SMH,0.0365700795034889,2011-09,6.0
MS,0.0246155305989736,2011-09,7.0
CVX,0.0228986952989795,2011-09,8.0
SLV,0.0206457911961853,2011-09,9.0
XOM,0.0191956561266816,2011-09,10.0
MU,0.1051470144023164,2011-10,1.0
ASML,0.0877872293863292,2011-10,2.0
INTC,0.0672086569020069,2011-10,3.0
AMD,0.0434721581966472,2011-10,4.0
GS,0.0402048087092932,2011-10,5.0
SMH,0.0365700795034889,2011-10,6.0
MS,0.0246155305989736,2011-10,7.0
CVX,0.0228986952989795,2011-10,8.0
SLV,0.0206457911961853,2011-10,9.0
XOM,0.0191956561266816,2011-10,10.0
MU,0.1051470144023164,2011-11,1.0
ASML,0.0877872293863292,2011-11,2.0
INTC,0.0672086569020069,2011-11,3.0
AMD,0.0434721581966472,2011-11,4.0
GS,0.0402048087092932,2011-11,5.0
SMH,0.0365700795034889,2011-11,6.0
MS,0.0246155305989736,2011-11,7.0
CVX,0.0228986952989795,2011-11,8.0
SLV,0.0206457911961853,2011-11,9.0
XOM,0.0191956561266816,2011-11,10.0
MU,0.1051470144023164,2011-12,1.0
ASML,0.0877872293863292,2011-12,2.0
INTC,0.0672086569020069,2011-12,3.0
AMD,0.0434721581966472,2011-12,4.0
GS,0.0402048087092932,2011-12,5.0
SMH,0.0365700795034889,2011-12,6.0
MS,0.0246155305989736,2011-12,7.0
CVX,0.0228986952989795,2011-12,8.0
SLV,0.0206457911961853,2011-12,9.0
XOM,0.0191956561266816,2011-12,10.0
MU,0.1051470144023164,2012-01,1.0
ASML,0.0877872293863292,2012-01,2.0
INTC,0.0672086569020069,2012-01,3.0
AMD,0.0434721581966472,2012-01,4.0
GS,0.0402048087092932,2012-01,5.0
SMH,0.0365700795034889,2012-01,6.0
MS,0.0246155305989736,2012-01,7.0
CVX,0.0228986952989795,2012-01,8.0
SLV,0.0206457911961853,2012-01,9.0
XOM,0.0191956561266816,2012-01,10.0
MU,0.1051470144023164,2012-02,1.0
ASML,0.0877872293863292,2012-02,2.0
INTC,0.0672086569020069,2012-02,3.0
AMD,0.0434721581966472,2012-02,4.0
GS,0.0402048087092932,2012-02,5.0
SMH,0.0365700795034889,2012-02,6.0
MS,0.0246155305989736,2012-02,7.0
CVX,0.0228986952989795,2012-02,8.0
SLV,0.0206457911961853,2012-02,9.0
XOM,0.0191956561266816,2012-02,10.0
MU,0.1051470144023164,2012-03,1.0
ASML,0.0877872293863292,2012-03,2.0
INTC,0.0672086569020069,2012-03,3.0
AMD,0.0434721581966472,2012-03,4.0
GS,0.0402048087092932,2012-03,5.0
SMH,0.0365700795034889,2012-03,6.0
MS,0.0246155305989736,2012-03,7.0
CVX,0.0228986952989795,2012-03,8.0
SLV,0.0206457911961853,2012-03,9.0
XOM,0.0191956561266816,2012-03,10.0
MU,0.1051470144023164,2012-04,1.0
ASML,0.0877872293863292,2012-04,2.0
INTC,0.0672086569020069,2012-04,3.0
AMD,0.0434721581966472,2012-04,4.0
GS,0.0402048087092932,2012-04,5.0
SMH,0.0365700795034889,2012-04,6.0
MS,0.0246155305989736,2012-04,7.0
CVX,0.0228986952989795,2012-04,8.0
SLV,0.0206457911961853,2012-04,9.0
XOM,0.0191956561266816,2012-04,10.0
MU,0.1051470144023164,2012-05,1.0
ASML,0.0877872293863292,2012-05,2.0
INTC,0.0672086569020069,2012-05,3.0
AMD,0.0434721581966472,2012-05,4.0
GS,0.0402048087092932,2012-05,5.0
SMH,0.0365700795034889,2012-05,6.0
MS,0.0246155305989736,2012-05,7.0
CVX,0.0228986952989795,2012-05,8.0
SLV,0.0206457911961853,2012-05,9.0
XOM,0.0191956561266816,2012-05,10.0
MU,0.1051470144023164,2012-06,1.0
ASML,0.0877872293863292,2012-06,2.0
INTC,0.0672086569020069,2012-06,3.0
AMD,0.0434721581966472,2012-06,4.0
GS,0.0402048087092932,2012-06,5.0
SMH,0.0365700795034889,2012-06,6.0
MS,0.0246155305989736,2012-06,7.0
CVX,0.0228986952989795,2012-06,8.0
SLV,0.0206457911961853,2012-06,9.0
XOM,0.0191956561266816,2012-06,10.0
MU,0.1051470144023164,2012-07,1.0
ASML,0.0877872293863292,2012-07,2.0
INTC,0.0672086569020069,2012-07,3.0
AMD,0.0434721581966472,2012-07,4.0
GS,0.0402048087092932,2012-07,5.0
SMH,0.0365700795034889,2012-07,6.0
MS,0.0246155305989736,2012-07,7.0
CVX,0.0228986952989795,2012-07,8.0
SLV,0.0206457911961853,2012-07,9.0
XOM,0.0191956561266816,2012-07,10.0
MU,0.1051470144023164,2012-08,1.0
ASML,0.0877872293863292,2012-08,2.0
INTC,0.0672086569020069,2012-08,3.0
AMD,0.0434721581966472,2012-08,4.0
GS,0.0402048087092932,2012-08,5.0
SMH,0.0365700795034889,2012-08,6.0
MS,0.0246155305989736,2012-08,7.0
CVX,0.0228986952989795,2012-08,8.0
SLV,0.0206457911961853,2012-08,9.0
XOM,0.0191956561266816,2012-08,10.0
MU,0.1051470144023164,2012-09,1.0
ASML,0.0877872293863292,2012-09,2.0
INTC,0.0672086569020069,2012-09,3.0
AMD,0.0434721581966472,2012-09,4.0
GS,0.0402048087092932,2012-09,5.0
SMH,0.0365700795034889,2012-09,6.0
MS,0.0246155305989736,2012-09,7.0
CVX,0.0228986952989795,2012-09,8.0
SLV,0.0206457911961853,2012-09,9.0
XOM,0.0191956561266816,2012-09,10.0
MU,0.1051470144023164,2012-10,1.0
ASML,0.0877872293863292,2012-10,2.0
INTC,0.0672086569020069,2012-10,3.0
AMD,0.0434721581966472,2012-10,4.0
GS,0.0402048087092932,2012-10,5.0
SMH,0.0365700795034889,2012-10,6.0
MS,0.0246155305989736,2012-10,7.0
CVX,0.0228986952989795,2012-10,8.0
SLV,0.0206457911961853,2012-10,9.0
XOM,0.0191956561266816,2012-10,10.0
MU,0.1051470144023164,2012-11,1.0
ASML,0.0877872293863292,2012-11,2.0
INTC,0.0672086569020069,2012-11,3.0
AMD,0.0434721581966472,2012-11,4.0
GS,0.0402048087092932,2012-11,5.0
SMH,0.0365700795034889,2012-11,6.0
MS,0.0246155305989736,2012-11,7.0
CVX,0.0228986952989795,2012-11,8.0
SLV,0.0206457911961853,2012-11,9.0
XOM,0.0191956561266816,2012-11,10.0
MU,0.1051470144023164,2012-12,1.0
ASML,0.0877872293863292,2012-12,2.0
INTC,0.0672086569020069,2012-12,3.0
AMD,0.0434721581966472,2012-12,4.0
GS,0.0402048087092932,2012-12,5.0
SMH,0.0365700795034889,2012-12,6.0
MS,0.0246155305989736,2012-12,7.0
CVX,0.0228986952989795,2012-12,8.0
SLV,0.0206457911961853,2012-12,9.0
XOM,0.0191956561266816,2012-12,10.0
MU,0.1051470144023164,2013-01,1.0
ASML,0.0877872293863292,2013-01,2.0
INTC,0.0672086569020069,2013-01,3.0
AMD,0.0434721581966472,2013-01,4.0
GS,0.0402048087092932,2013-01,5.0
SMH,0.0365700795034889,2013-01,6.0
MS,0.0246155305989736,2013-01,7.0
CVX,0.0228986952989795,2013-01,8.0
SLV,0.0206457911961853,2013-01,9.0
XOM,0.0191956561266816,2013-01,10.0
MU,0.1051470144023164,2013-02,1.0
ASML,0.0877872293863292,2013-02,2.0
INTC,0.0672086569020069,2013-02,3.0
AMD,0.0434721581966472,2013-02,4.0
GS,0.0402048087092932,2013-02,5.0
SMH,0.0365700795034889,2013-02,6.0
MS,0.0246155305989736,2013-02,7.0
CVX,0.0228986952989795,2013-02,8.0
SLV,0.0206457911961853,2013-02,9.0
XOM,0.0191956561266816,2013-02,10.0
MU,0.1051470144023164,2013-03,1.0
ASML,0.0877872293863292,2013-03,2.0
INTC,0.0672086569020069,2013-03,3.0
AMD,0.0434721581966472,2013-03,4.0
GS,0.0402048087092932,2013-03,5.0
SMH,0.0365700795034889,2013-03,6.0
MS,0.0246155305989736,2013-03,7.0
CVX,0.0228986952989795,2013-03,8.0
SLV,0.0206457911961853,2013-03,9.0
XOM,0.0191956561266816,2013-03,10.0
MU,0.1051470144023164,2013-04,1.0
ASML,0.0877872293863292,2013-04,2.0
INTC,0.0672086569020069,2013-04,3.0
AMD,0.0434721581966472,2013-04,4.0
GS,0.0402048087092932,2013-04,5.0
SMH,0.0365700795034889,2013-04,6.0
MS,0.0246155305989736,2013-04,7.0
CVX,0.0228986952989795,2013-04,8.0
SLV,0.0206457911961853,2013-04,9.0
XOM,0.0191956561266816,2013-04,10.0
MU,0.1051470144023164,2013-05,1.0
ASML,0.0877872293863292,2013-05,2.0
INTC,0.0672086569020069,2013-05,3.0
AMD,0.0434721581966472,2013-05,4.0
GS,0.0402048087092932,2013-05,5.0
SMH,0.0365700795034889,2013-05,6.0
MS,0.0246155305989736,2013-05,7.0
CVX,0.0228986952989795,2013-05,8.0
SLV,0.0206457911961853,2013-05,9.0
XOM,0.0191956561266816,2013-05,10.0
MU,0.1051470144023164,2013-06,1.0
ASML,0.0877872293863292,2013-06,2.0
INTC,0.0672086569020069,2013-06,3.0
AMD,0.0434721581966472,2013-06,4.0
GS,0.0402048087092932,2013-06,5.0
SMH,0.0365700795034889,2013-06,6.0
MS,0.0246155305989736,2013-06,7.0
CVX,0.0228986952989795,2013-06,8.0
SLV,0.0206457911961853,2013-06,9.0
XOM,0.0191956561266816,2013-06,10.0
MU,0.1051470144023164,2013-07,1.0
ASML,0.0877872293863292,2013-07,2.0
INTC,0.0672086569020069,2013-07,3.0
AMD,0.0434721581966472,2013-07,4.0
GS,0.0402048087092932,2013-07,5.0
SMH,0.0365700795034889,2013-07,6.0
MS,0.0246155305989736,2013-07,7.0
CVX,0.0228986952989795,2013-07,8.0
SLV,0.0206457911961853,2013-07,9.0
XOM,0.0191956561266816,2013-07,10.0
MU,0.1051470144023164,2013-08,1.0
ASML,0.0877872293863292,2013-08,2.0
INTC,0.0672086569020069,2013-08,3.0
AMD,0.0434721581966472,2013-08,4.0
GS,0.0402048087092932,2013-08,5.0
SMH,0.0365700795034889,2013-08,6.0
MS,0.0246155305989736,2013-08,7.0
CVX,0.0228986952989795,2013-08,8.0
SLV,0.0206457911961853,2013-08,9.0
XOM,0.0191956561266816,2013-08,10.0
MU,0.1051470144023164,2013-09,1.0
ASML,0.0877872293863292,2013-09,2.0
INTC,0.0672086569020069,2013-09,3.0
AMD,0.0434721581966472,2013-09,4.0
GS,0.0402048087092932,2013-09,5.0
SMH,0.0365700795034889,2013-09,6.0
MS,0.0246155305989736,2013-09,7.0
CVX,0.0228986952989795,2013-09,8.0
SLV,0.0206457911961853,2013-09,9.0
XOM,0.0191956561266816,2013-09,10.0
MU,0.1051470144023164,2013-10,1.0
ASML,0.0877872293863292,2013-10,2.0
INTC,0.0672086569020069,2013-10,3.0
AMD,0.0434721581966472,2013-10,4.0
GS,0.0402048087092932,2013-10,5.0
SMH,0.0365700795034889,2013-10,6.0
MS,0.0246155305989736,2013-10,7.0
CVX,0.0228986952989795,2013-10,8.0
SLV,0.0206457911961853,2013-10,9.0
XOM,0.0191956561266816,2013-10,10.0
MU,0.1051470144023164,2013-11,1.0
ASML,0.0877872293863292,2013-11,2.0
INTC,0.0672086569020069,2013-11,3.0
AMD,0.0434721581966472,2013-11,4.0
GS,0.0402048087092932,2013-11,5.0
SMH,0.0365700795034889,2013-11,6.0
MS,0.0246155305989736,2013-11,7.0
CVX,0.0228986952989795,2013-11,8.0
SLV,0.0206457911961853,2013-11,9.0
XOM,0.0191956561266816,2013-11,10.0
MU,0.1051470144023164,2013-12,1.0
ASML,0.0877872293863292,2013-12,2.0
INTC,0.0672086569020069,2013-12,3.0
AMD,0.0434721581966472,2013-12,4.0
GS,0.0402048087092932,2013-12,5.0
SMH,0.0365700795034889,2013-12,6.0
MS,0.0246155305989736,2013-12,7.0
CVX,0.0228986952989795,2013-12,8.0
SLV,0.0206457911961853,2013-12,9.0
XOM,0.0191956561266816,2013-12,10.0
MU,0.1051470144023164,2014-01,1.0
ASML,0.0877872293863292,2014-01,2.0
INTC,0.0672086569020069,2014-01,3.0
AMD,0.0434721581966472,2014-01,4.0
GS,0.0402048087092932,2014-01,5.0
SMH,0.0365700795034889,2014-01,6.0
MS,0.0246155305989736,2014-01,7.0
CVX,0.0228986952989795,2014-01,8.0
SLV,0.0206457911961853,2014-01,9.0
XOM,0.0191956561266816,2014-01,10.0
MU,0.1051470144023164,2014-02,1.0
ASML,0.0877872293863292,2014-02,2.0
INTC,0.0672086569020069,2014-02,3.0
AMD,0.0434721581966472,2014-02,4.0
GS,0.0402048087092932,2014-02,5.0
SMH,0.0365700795034889,2014-02,6.0
MS,0.0246155305989736,2014-02,7.0
CVX,0.0228986952989795,2014-02,8.0
SLV,0.0206457911961853,2014-02,9.0
XOM,0.0191956561266816,2014-02,10.0
MU,0.1051470144023164,2014-03,1.0
ASML,0.0877872293863292,2014-03,2.0
INTC,0.0672086569020069,2014-03,3.0
AMD,0.0434721581966472,2014-03,4.0
GS,0.0402048087092932,2014-03,5.0
SMH,0.0365700795034889,2014-03,6.0
MS,0.0246155305989736,2014-03,7.0
CVX,0.0228986952989795,2014-03,8.0
SLV,0.0206457911961853,2014-03,9.0
XOM,0.0191956561266816,2014-03,10.0
MU,0.1051470144023164,2014-04,1.0
ASML,0.0877872293863292,2014-04,2.0
INTC,0.0672086569020069,2014-04,3.0
AMD,0.0434721581966472,2014-04,4.0
GS,0.0402048087092932,2014-04,5.0
SMH,0.0365700795034889,2014-04,6.0
MS,0.0246155305989736,2014-04,7.0
CVX,0.0228986952989795,2014-04,8.0
SLV,0.0206457911961853,2014-04,9.0
XOM,0.0191956561266816,2014-04,10.0
MU,0.1051470144023164,2014-05,1.0
ASML,0.0877872293863292,2014-05,2.0
INTC,0.0672086569020069,2014-05,3.0
AMD,0.0434721581966472,2014-05,4.0
GS,0.0402048087092932,2014-05,5.0
SMH,0.0365700795034889,2014-05,6.0
MS,0.0246155305989736,2014-05,7.0
CVX,0.0228986952989795,2014-05,8.0
SLV,0.0206457911961853,2014-05,9.0
XOM,0.0191956561266816,2014-05,10.0
MU,0.1051470144023164,2014-06,1.0
ASML,0.0877872293863292,2014-06,2.0
INTC,0.0672086569020069,2014-06,3.0
AMD,0.0434721581966472,2014-06,4.0
GS,0.0402048087092932,2014-06,5.0
SMH,0.0365700795034889,2014-06,6.0
MS,0.0246155305989736,2014-06,7.0
CVX,0.0228986952989795,2014-06,8.0
SLV,0.0206457911961853,2014-06,9.0
XOM,0.0191956561266816,2014-06,10.0
MU,0.1051470144023164,2014-07,1.0
ASML,0.0877872293863292,2014-07,2.0
INTC,0.0672086569020069,2014-07,3.0
AMD,0.0434721581966472,2014-07,4.0
GS,0.0402048087092932,2014-07,5.0
SMH,0.0365700795034889,2014-07,6.0
MS,0.0246155305989736,2014-07,7.0
CVX,0.0228986952989795,2014-07,8.0
SLV,0.0206457911961853,2014-07,9.0
XOM,0.0191956561266816,2014-07,10.0
MU,0.1051470144023164,2014-08,1.0
ASML,0.0877872293863292,2014-08,2.0
INTC,0.0672086569020069,2014-08,3.0
AMD,0.0434721581966472,2014-08,4.0
GS,0.0402048087092932,2014-08,5.0
SMH,0.0365700795034889,2014-08,6.0
MS,0.0246155305989736,2014-08,7.0
CVX,0.0228986952989795,2014-08,8.0
SLV,0.0206457911961853,2014-08,9.0
XOM,0.0191956561266816,2014-08,10.0
MU,0.1051470144023164,2014-09,1.0
ASML,0.0877872293863292,2014-09,2.0
INTC,0.0672086569020069,2014-09,3.0
AMD,0.0434721581966472,2014-09,4.0
GS,0.0402048087092932,2014-09,5.0
SMH,0.0365700795034889,2014-09,6.0
MS,0.0246155305989736,2014-09,7.0
CVX,0.0228986952989795,2014-09,8.0
SLV,0.0206457911961853,2014-09,9.0
XOM,0.0191956561266816,2014-09,10.0
MU,0.1051470144023164,2014-10,1.0
ASML,0.0877872293863292,2014-10,2.0
INTC,0.0672086569020069,2014-10,3.0
AMD,0.0434721581966472,2014-10,4.0
GS,0.0402048087092932,2014-10,5.0
SMH,0.0365700795034889,2014-10,6.0
MS,0.0246155305989736,2014-10,7.0
CVX,0.0228986952989795,2014-10,8.0
SLV,0.0206457911961853,2014-10,9.0
XOM,0.0191956561266816,2014-10,10.0
MU,0.1051470144023164,2014-11,1.0
ASML,0.0877872293863292,2014-11,2.0
INTC,0.0672086569020069,2014-11,3.0
AMD,0.0434721581966472,2014-11,4.0
GS,0.0402048087092932,2014-11,5.0
SMH,0.0365700795034889,2014-11,6.0
MS,0.0246155305989736,2014-11,7.0
CVX,0.0228986952989795,2014-11,8.0
SLV,0.0206457911961853,2014-11,9.0
XOM,0.0191956561266816,2014-11,10.0
MU,0.1051470144023164,2014-12,1.0
ASML,0.0877872293863292,2014-12,2.0
INTC,0.0672086569020069,2014-12,3.0
AMD,0.0434721581966472,2014-12,4.0
GS,0.0402048087092932,2014-12,5.0
SMH,0.0365700795034889,2014-12,6.0
MS,0.0246155305989736,2014-12,7.0
CVX,0.0228986952989795,2014-12,8.0
SLV,0.0206457911961853,2014-12,9.0
XOM,0.0191956561266816,2014-12,10.0
MU,0.1051470144023164,2015-01,1.0
ASML,0.0877872293863292,2015-01,2.0
INTC,0.0672086569020069,2015-01,3.0
AMD,0.0434721581966472,2015-01,4.0
GS,0.0402048087092932,2015-01,5.0
SMH,0.0365700795034889,2015-01,6.0
MS,0.0246155305989736,2015-01,7.0
CVX,0.0228986952989795,2015-01,8.0
SLV,0.0206457911961853,2015-01,9.0
XOM,0.0191956561266816,2015-01,10.0
MU,0.1051470144023164,2015-02,1.0
ASML,0.0877872293863292,2015-02,2.0
INTC,0.0672086569020069,2015-02,3.0
AMD,0.0434721581966472,2015-02,4.0
GS,0.0402048087092932,2015-02,5.0
SMH,0.0365700795034889,2015-02,6.0
MS,0.0246155305989736,2015-02,7.0
CVX,0.0228986952989795,2015-02,8.0
SLV,0.0206457911961853,2015-02,9.0
XOM,0.0191956561266816,2015-02,10.0
MU,0.1051470144023164,2015-03,1.0
ASML,0.0877872293863292,2015-03,2.0
INTC,0.0672086569020069,2015-03,3.0
AMD,0.0434721581966472,2015-03,4.0
GS,0.0402048087092932,2015-03,5.0
SMH,0.0365700795034889,2015-03,6.0
MS,0.0246155305989736,2015-03,7.0
CVX,0.0228986952989795,2015-03,8.0
SLV,0.0206457911961853,2015-03,9.0
XOM,0.0191956561266816,2015-03,10.0
MU,0.1051470144023164,2015-04,1.0
ASML,0.0877872293863292,2015-04,2.0
INTC,0.0672086569020069,2015-04,3.0
AMD,0.0434721581966472,2015-04,4.0
GS,0.0402048087092932,2015-04,5.0
SMH,0.0365700795034889,2015-04,6.0
MS,0.0246155305989736,2015-04,7.0
CVX,0.0228986952989795,2015-04,8.0
SLV,0.0206457911961853,2015-04,9.0
XOM,0.0191956561266816,2015-04,10.0
MU,0.1051470144023164,2015-05,1.0
ASML,0.0877872293863292,2015-05,2.0
INTC,0.0672086569020069,2015-05,3.0
AMD,0.0434721581966472,2015-05,4.0
GS,0.0402048087092932,2015-05,5.0
SMH,0.0365700795034889,2015-05,6.0
MS,0.0246155305989736,2015-05,7.0
CVX,0.0228986952989795,2015-05,8.0
SLV,0.0206457911961853,2015-05,9.0
XOM,0.0191956561266816,2015-05,10.0
MU,0.1051470144023164,2015-06,1.0
ASML,0.0877872293863292,2015-06,2.0
INTC,0.0672086569020069,2015-06,3.0
AMD,0.0434721581966472,2015-06,4.0
GS,0.0402048087092932,2015-06,5.0
SMH,0.0365700795034889,2015-06,6.0
MS,0.0246155305989736,2015-06,7.0
CVX,0.0228986952989795,2015-06,8.0
SLV,0.0206457911961853,2015-06,9.0
XOM,0.0191956561266816,2015-06,10.0
MU,0.1051470144023164,2015-07,1.0
ASML,0.0877872293863292,2015-07,2.0
INTC,0.0672086569020069,2015-07,3.0
AMD,0.0434721581966472,2015-07,4.0
GS,0.0402048087092932,2015-07,5.0
SMH,0.0365700795034889,2015-07,6.0
MS,0.0246155305989736,2015-07,7.0
CVX,0.0228986952989795,2015-07,8.0
SLV,0.0206457911961853,2015-07,9.0
XOM,0.0191956561266816,2015-07,10.0
MU,0.1051470144023164,2015-08,1.0
ASML,0.0877872293863292,2015-08,2.0
INTC,0.0672086569020069,2015-08,3.0
AMD,0.0434721581966472,2015-08,4.0
GS,0.0402048087092932,2015-08,5.0
SMH,0.0365700795034889,2015-08,6.0
MS,0.0246155305989736,2015-08,7.0
CVX,0.0228986952989795,2015-08,8.0
SLV,0.0206457911961853,2015-08,9.0
XOM,0.0191956561266816,2015-08,10.0
MU,0.1051470144023164,2015-09,1.0
ASML,0.0877872293863292,2015-09,2.0
INTC,0.0672086569020069,2015-09,3.0
AMD,0.0434721581966472,2015-09,4.0
GS,0.0402048087092932,2015-09,5.0
SMH,0.0365700795034889,2015-09,6.0
MS,0.0246155305989736,2015-09,7.0
CVX,0.0228986952989795,2015-09,8.0
SLV,0.0206457911961853,2015-09,9.0
XOM,0.0191956561266816,2015-09,10.0
MU,0.1051470144023164,2015-10,1.0
ASML,0.0877872293863292,2015-10,2.0
INTC,0.0672086569020069,2015-10,3.0
AMD,0.0434721581966472,2015-10,4.0
GS,0.0402048087092932,2015-10,5.0
SMH,0.0365700795034889,2015-10,6.0
MS,0.0246155305989736,2015-10,7.0
CVX,0.0228986952989795,2015-10,8.0
SLV,0.0206457911961853,2015-10,9.0
XOM,0.0191956561266816,2015-10,10.0
MU,0.1051470144023164,2015-11,1.0
ASML,0.0877872293863292,2015-11,2.0
INTC,0.0672086569020069,2015-11,3.0
AMD,0.0434721581966472,2015-11,4.0
GS,0.0402048087092932,2015-11,5.0
SMH,0.0365700795034889,2015-11,6.0
MS,0.0246155305989736,2015-11,7.0
CVX,0.0228986952989795,2015-11,8.0
SLV,0.0206457911961853,2015-11,9.0
XOM,0.0191956561266816,2015-11,10.0
MU,0.1051470144023164,2015-12,1.0
ASML,0.0877872293863292,2015-12,2.0
INTC,0.0672086569020069,2015-12,3.0
AMD,0.0434721581966472,2015-12,4.0
GS,0.0402048087092932,2015-12,5.0
SMH,0.0365700795034889,2015-12,6.0
MS,0.0246155305989736,2015-12,7.0
CVX,0.0228986952989795,2015-12,8.0
SLV,0.0206457911961853,2015-12,9.0
XOM,0.0191956561266816,2015-12,10.0
MU,0.1051470144023164,2016-01,1.0
ASML,0.0877872293863292,2016-01,2.0
INTC,0.0672086569020069,2016-01,3.0
AMD,0.0434721581966472,2016-01,4.0
GS,0.0402048087092932,2016-01,5.0
SMH,0.0365700795034889,2016-01,6.0
MS,0.0246155305989736,2016-01,7.0
CVX,0.0228986952989795,2016-01,8.0
SLV,0.0206457911961853,2016-01,9.0
XOM,0.0191956561266816,2016-01,10.0
MU,0.1051470144023164,2016-02,1.0
ASML,0.0877872293863292,2016-02,2.0
INTC,0.0672086569020069,2016-02,3.0
AMD,0.0434721581966472,2016-02,4.0
GS,0.0402048087092932,2016-02,5.0
SMH,0.0365700795034889,2016-02,6.0
MS,0.0246155305989736,2016-02,7.0
CVX,0.0228986952989795,2016-02,8.0
SLV,0.0206457911961853,2016-02,9.0
XOM,0.0191956561266816,2016-02,10.0
MU,0.1051470144023164,2016-03,1.0
ASML,0.0877872293863292,2016-03,2.0
INTC,0.0672086569020069,2016-03,3.0
AMD,0.0434721581966472,2016-03,4.0
GS,0.0402048087092932,2016-03,5.0
SMH,0.0365700795034889,2016-03,6.0
MS,0.0246155305989736,2016-03,7.0
CVX,0.0228986952989795,2016-03,8.0
SLV,0.0206457911961853,2016-03,9.0
XOM,0.0191956561266816,2016-03,10.0
MU,0.1051470144023164,2016-04,1.0
ASML,0.0877872293863292,2016-04,2.0
INTC,0.0672086569020069,2016-04,3.0
AMD,0.0434721581966472,2016-04,4.0
GS,0.0402048087092932,2016-04,5.0
SMH,0.0365700795034889,2016-04,6.0
MS,0.0246155305989736,2016-04,7.0
CVX,0.0228986952989795,2016-04,8.0
SLV,0.0206457911961853,2016-04,9.0
XOM,0.0191956561266816,2016-04,10.0
MU,0.1051470144023164,2016-05,1.0
ASML,0.0877872293863292,2016-05,2.0
INTC,0.0672086569020069,2016-05,3.0
AMD,0.0434721581966472,2016-05,4.0
GS,0.0402048087092932,2016-05,5.0
SMH,0.0365700795034889,2016-05,6.0
MS,0.0246155305989736,2016-05,7.0
CVX,0.0228986952989795,2016-05,8.0
SLV,0.0206457911961853,2016-05,9.0
XOM,0.0191956561266816,2016-05,10.0
MU,0.1051470144023164,2016-06,1.0
ASML,0.0877872293863292,2016-06,2.0
INTC,0.0672086569020069,2016-06,3.0
AMD,0.0434721581966472,2016-06,4.0
GS,0.0402048087092932,2016-06,5.0
SMH,0.0365700795034889,2016-06,6.0
MS,0.0246155305989736,2016-06,7.0
CVX,0.0228986952989795,2016-06,8.0
SLV,0.0206457911961853,2016-06,9.0
XOM,0.0191956561266816,2016-06,10.0
MU,0.1051470144023164,2016-07,1.0
ASML,0.0877872293863292,2016-07,2.0
INTC,0.0672086569020069,2016-07,3.0
AMD,0.0434721581966472,2016-07,4.0
GS,0.0402048087092932,2016-07,5.0
SMH,0.0365700795034889,2016-07,6.0
MS,0.0246155305989736,2016-07,7.0
CVX,0.0228986952989795,2016-07,8.0
SLV,0.0206457911961853,2016-07,9.0
XOM,0.0191956561266816,2016-07,10.0
MU,0.1051470144023164,2016-08,1.0
ASML,0.0877872293863292,2016-08,2.0
INTC,0.0672086569020069,2016-08,3.0
AMD,0.0434721581966472,2016-08,4.0
GS,0.0402048087092932,2016-08,5.0
SMH,0.0365700795034889,2016-08,6.0
MS,0.0246155305989736,2016-08,7.0
CVX,0.0228986952989795,2016-08,8.0
SLV,0.0206457911961853,2016-08,9.0
XOM,0.0191956561266816,2016-08,10.0
MU,0.1051470144023164,2016-09,1.0
ASML,0.0877872293863292,2016-09,2.0
INTC,0.0672086569020069,2016-09,3.0
AMD,0.0434721581966472,2016-09,4.0
GS,0.0402048087092932,2016-09,5.0
SMH,0.0365700795034889,2016-09,6.0
MS,0.0246155305989736,2016-09,7.0
CVX,0.0228986952989795,2016-09,8.0
SLV,0.0206457911961853,2016-09,9.0
XOM,0.0191956561266816,2016-09,10.0
MU,0.1051470144023164,2016-10,1.0
ASML,0.0877872293863292,2016-10,2.0
INTC,0.0672086569020069,2016-10,3.0
AMD,0.0434721581966472,2016-10,4.0
GS,0.0402048087092932,2016-10,5.0
SMH,0.0365700795034889,2016-10,6.0
MS,0.0246155305989736,2016-10,7.0
CVX,0.0228986952989795,2016-10,8.0
SLV,0.0206457911961853,2016-10,9.0
XOM,0.0191956561266816,2016-10,10.0
MU,0.1051470144023164,2016-11,1.0
ASML,0.0877872293863292,2016-11,2.0
INTC,0.0672086569020069,2016-11,3.0
AMD,0.0434721581966472,2016-11,4.0
GS,0.0402048087092932,2016-11,5.0
SMH,0.0365700795034889,2016-11,6.0
MS,0.0246155305989736,2016-11,7.0
CVX,0.0228986952989795,2016-11,8.0
SLV,0.0206457911961853,2016-11,9.0
XOM,0.0191956561266816,2016-11,10.0
MU,0.1051470144023164,2016-12,1.0
ASML,0.0877872293863292,2016-12,2.0
INTC,0.0672086569020069,2016-12,3.0
AMD,0.0434721581966472,2016-12,4.0
GS,0.0402048087092932,2016-12,5.0
SMH,0.0365700795034889,2016-12,6.0
MS,0.0246155305989736,2016-12,7.0
CVX,0.0228986952989795,2016-12,8.0
SLV,0.0206457911961853,2016-12,9.0
XOM,0.0191956561266816,2016-12,10.0
MU,0.1051470144023164,2017-01,1.0
ASML,0.0877872293863292,2017-01,2.0
INTC,0.0672086569020069,2017-01,3.0
AMD,0.0434721581966472,2017-01,4.0
GS,0.0402048087092932,2017-01,5.0
SMH,0.0365700795034889,2017-01,6.0
MS,0.0246155305989736,2017-01,7.0
CVX,0.0228986952989795,2017-01,8.0
SLV,0.0206457911961853,2017-01,9.0
XOM,0.0191956561266816,2017-01,10.0
MU,0.1051470144023164,2017-02,1.0
ASML,0.0877872293863292,2017-02,2.0
INTC,0.0672086569020069,2017-02,3.0
AMD,0.0434721581966472,2017-02,4.0
GS,0.0402048087092932,2017-02,5.0
SMH,0.0365700795034889,2017-02,6.0
MS,0.0246155305989736,2017-02,7.0
CVX,0.0228986952989795,2017-02,8.0
SLV,0.0206457911961853,2017-02,9.0
XOM,0.0191956561266816,2017-02,10.0
MU,0.1051470144023164,2017-03,1.0
ASML,0.0877872293863292,2017-03,2.0
INTC,0.0672086569020069,2017-03,3.0
AMD,0.0434721581966472,2017-03,4.0
GS,0.0402048087092932,2017-03,5.0
SMH,0.0365700795034889,2017-03,6.0
MS,0.0246155305989736,2017-03,7.0
CVX,0.0228986952989795,2017-03,8.0
SLV,0.0206457911961853,2017-03,9.0
XOM,0.0191956561266816,2017-03,10.0
MU,0.1051470144023164,2017-04,1.0
ASML,0.0877872293863292,2017-04,2.0
INTC,0.0672086569020069,2017-04,3.0
AMD,0.0434721581966472,2017-04,4.0
GS,0.0402048087092932,2017-04,5.0
SMH,0.0365700795034889,2017-04,6.0
MS,0.0246155305989736,2017-04,7.0
CVX,0.0228986952989795,2017-04,8.0
SLV,0.0206457911961853,2017-04,9.0
XOM,0.0191956561266816,2017-04,10.0
MU,0.1051470144023164,2017-05,1.0
ASML,0.0877872293863292,2017-05,2.0
INTC,0.0672086569020069,2017-05,3.0
AMD,0.0434721581966472,2017-05,4.0
GS,0.0402048087092932,2017-05,5.0
SMH,0.0365700795034889,2017-05,6.0
MS,0.0246155305989736,2017-05,7.0
CVX,0.0228986952989795,2017-05,8.0
SLV,0.0206457911961853,2017-05,9.0
XOM,0.0191956561266816,2017-05,10.0
MU,0.1051470144023164,2017-06,1.0
ASML,0.0877872293863292,2017-06,2.0
INTC,0.0672086569020069,2017-06,3.0
AMD,0.0434721581966472,2017-06,4.0
GS,0.0402048087092932,2017-06,5.0
SMH,0.0365700795034889,2017-06,6.0
MS,0.0246155305989736,2017-06,7.0
CVX,0.0228986952989795,2017-06,8.0
SLV,0.0206457911961853,2017-06,9.0
XOM,0.0191956561266816,2017-06,10.0
MU,0.1051470144023164,2017-07,1.0
ASML,0.0877872293863292,2017-07,2.0
INTC,0.0672086569020069,2017-07,3.0
AMD,0.0434721581966472,2017-07,4.0
GS,0.0402048087092932,2017-07,5.0
SMH,0.0365700795034889,2017-07,6.0
MS,0.0246155305989736,2017-07,7.0
CVX,0.0228986952989795,2017-07,8.0
SLV,0.0206457911961853,2017-07,9.0
XOM,0.0191956561266816,2017-07,10.0
MU,0.1051470144023164,2017-08,1.0
ASML,0.0877872293863292,2017-08,2.0
INTC,0.0672086569020069,2017-08,3.0
AMD,0.0434721581966472,2017-08,4.0
GS,0.0402048087092932,2017-08,5.0
SMH,0.0365700795034889,2017-08,6.0
MS,0.0246155305989736,2017-08,7.0
CVX,0.0228986952989795,2017-08,8.0
SLV,0.0206457911961853,2017-08,9.0
XOM,0.0191956561266816,2017-08,10.0
MU,0.1051470144023164,2017-09,1.0
ASML,0.0877872293863292,2017-09,2.0
INTC,0.0672086569020069,2017-09,3.0
AMD,0.0434721581966472,2017-09,4.0
GS,0.0402048087092932,2017-09,5.0
SMH,0.0365700795034889,2017-09,6.0
MS,0.0246155305989736,2017-09,7.0
CVX,0.0228986952989795,2017-09,8.0
SLV,0.0206457911961853,2017-09,9.0
XOM,0.0191956561266816,2017-09,10.0
MU,0.1051470144023164,2017-10,1.0
ASML,0.0877872293863292,2017-10,2.0
INTC,0.0672086569020069,2017-10,3.0
AMD,0.0434721581966472,2017-10,4.0
GS,0.0402048087092932,2017-10,5.0
SMH,0.0365700795034889,2017-10,6.0
MS,0.0246155305989736,2017-10,7.0
CVX,0.0228986952989795,2017-10,8.0
SLV,0.0206457911961853,2017-10,9.0
XOM,0.0191956561266816,2017-10,10.0
MU,0.1051470144023164,2017-11,1.0
ASML,0.0877872293863292,2017-11,2.0
INTC,0.0672086569020069,2017-11,3.0
AMD,0.0434721581966472,2017-11,4.0
GS,0.0402048087092932,2017-11,5.0
SMH,0.0365700795034889,2017-11,6.0
MS,0.0246155305989736,2017-11,7.0
CVX,0.0228986952989795,2017-11,8.0
SLV,0.0206457911961853,2017-11,9.0
XOM,0.0191956561266816,2017-11,10.0
MU,0.1051470144023164,2017-12,1.0
ASML,0.0877872293863292,2017-12,2.0
INTC,0.0672086569020069,2017-12,3.0
AMD,0.0434721581966472,2017-12,4.0
GS,0.0402048087092932,2017-12,5.0
SMH,0.0365700795034889,2017-12,6.0
MS,0.0246155305989736,2017-12,7.0
CVX,0.0228986952989795,2017-12,8.0
SLV,0.0206457911961853,2017-12,9.0
XOM,0.0191956561266816,2017-12,10.0
MU,0.1051470144023164,2018-01,1.0
ASML,0.0877872293863292,2018-01,2.0
INTC,0.0672086569020069,2018-01,3.0
AMD,0.0434721581966472,2018-01,4.0
GS,0.0402048087092932,2018-01,5.0
SMH,0.0365700795034889,2018-01,6.0
MS,0.0246155305989736,2018-01,7.0
CVX,0.0228986952989795,2018-01,8.0
SLV,0.0206457911961853,2018-01,9.0
XOM,0.0191956561266816,2018-01,10.0
MU,0.1051470144023164,2018-02,1.0
ASML,0.0877872293863292,2018-02,2.0
INTC,0.0672086569020069,2018-02,3.0
AMD,0.0434721581966472,2018-02,4.0
GS,0.0402048087092932,2018-02,5.0
SMH,0.0365700795034889,2018-02,6.0
MS,0.0246155305989736,2018-02,7.0
CVX,0.0228986952989795,2018-02,8.0
SLV,0.0206457911961853,2018-02,9.0
XOM,0.0191956561266816,2018-02,10.0
MU,0.1051470144023164,2018-03,1.0
ASML,0.0877872293863292,2018-03,2.0
INTC,0.0672086569020069,2018-03,3.0
AMD,0.0434721581966472,2018-03,4.0
GS,0.0402048087092932,2018-03,5.0
SMH,0.0365700795034889,2018-03,6.0
MS,0.0246155305989736,2018-03,7.0
CVX,0.0228986952989795,2018-03,8.0
SLV,0.0206457911961853,2018-03,9.0
XOM,0.0191956561266816,2018-03,10.0
MU,0.1051470144023164,2018-04,1.0
ASML,0.0877872293863292,2018-04,2.0
INTC,0.0672086569020069,2018-04,3.0
AMD,0.0434721581966472,2018-04,4.0
GS,0.0402048087092932,2018-04,5.0
SMH,0.0365700795034889,2018-04,6.0
MS,0.0246155305989736,2018-04,7.0
CVX,0.0228986952989795,2018-04,8.0
SLV,0.0206457911961853,2018-04,9.0
XOM,0.0191956561266816,2018-04,10.0
MU,0.1051470144023164,2018-05,1.0
ASML,0.0877872293863292,2018-05,2.0
INTC,0.0672086569020069,2018-05,3.0
AMD,0.0434721581966472,2018-05,4.0
GS,0.0402048087092932,2018-05,5.0
SMH,0.0365700795034889,2018-05,6.0
MS,0.0246155305989736,2018-05,7.0
CVX,0.0228986952989795,2018-05,8.0
SLV,0.0206457911961853,2018-05,9.0
XOM,0.0191956561266816,2018-05,10.0
MU,0.1051470144023164,2018-06,1.0
ASML,0.0877872293863292,2018-06,2.0
INTC,0.0672086569020069,2018-06,3.0
AMD,0.0434721581966472,2018-06,4.0
GS,0.0402048087092932,2018-06,5.0
SMH,0.0365700795034889,2018-06,6.0
MS,0.0246155305989736,2018-06,7.0
CVX,0.0228986952989795,2018-06,8.0
SLV,0.0206457911961853,2018-06,9.0
XOM,0.0191956561266816,2018-06,10.0
MU,0.1051470144023164,2018-07,1.0
ASML,0.0877872293863292,2018-07,2.0
INTC,0.0672086569020069,2018-07,3.0
AMD,0.0434721581966472,2018-07,4.0
GS,0.0402048087092932,2018-07,5.0
SMH,0.0365700795034889,2018-07,6.0
MS,0.0246155305989736,2018-07,7.0
CVX,0.0228986952989795,2018-07,8.0
SLV,0.0206457911961853,2018-07,9.0
XOM,0.0191956561266816,2018-07,10.0
MU,0.1051470144023164,2018-08,1.0
ASML,0.0877872293863292,2018-08,2.0
INTC,0.0672086569020069,2018-08,3.0
AMD,0.0434721581966472,2018-08,4.0
GS,0.0402048087092932,2018-08,5.0
SMH,0.0365700795034889,2018-08,6.0
MS,0.0246155305989736,2018-08,7.0
CVX,0.0228986952989795,2018-08,8.0
SLV,0.0206457911961853,2018-08,9.0
XOM,0.0191956561266816,2018-08,10.0
MU,0.1051470144023164,2018-09,1.0
ASML,0.0877872293863292,2018-09,2.0
INTC,0.0672086569020069,2018-09,3.0
AMD,0.0434721581966472,2018-09,4.0
GS,0.0402048087092932,2018-09,5.0
SMH,0.0365700795034889,2018-09,6.0
MS,0.0246155305989736,2018-09,7.0
CVX,0.0228986952989795,2018-09,8.0
SLV,0.0206457911961853,2018-09,9.0
XOM,0.0191956561266816,2018-09,10.0
MU,0.1051470144023164,2018-10,1.0
ASML,0.0877872293863292,2018-10,2.0
INTC,0.0672086569020069,2018-10,3.0
AMD,0.0434721581966472,2018-10,4.0
GS,0.0402048087092932,2018-10,5.0
SMH,0.0365700795034889,2018-10,6.0
MS,0.0246155305989736,2018-10,7.0
CVX,0.0228986952989795,2018-10,8.0
SLV,0.0206457911961853,2018-10,9.0
XOM,0.0191956561266816,2018-10,10.0
MU,0.1051470144023164,2018-11,1.0
ASML,0.0877872293863292,2018-11,2.0
INTC,0.0672086569020069,2018-11,3.0
AMD,0.0434721581966472,2018-11,4.0
GS,0.0402048087092932,2018-11,5.0
SMH,0.0365700795034889,2018-11,6.0
MS,0.0246155305989736,2018-11,7.0
CVX,0.0228986952989795,2018-11,8.0
SLV,0.0206457911961853,2018-11,9.0
XOM,0.0191956561266816,2018-11,10.0
MU,0.1051470144023164,2018-12,1.0
ASML,0.0877872293863292,2018-12,2.0
INTC,0.0672086569020069,2018-12,3.0
AMD,0.0434721581966472,2018-12,4.0
GS,0.0402048087092932,2018-12,5.0
SMH,0.0365700795034889,2018-12,6.0
MS,0.0246155305989736,2018-12,7.0
CVX,0.0228986952989795,2018-12,8.0
SLV,0.0206457911961853,2018-12,9.0
XOM,0.0191956561266816,2018-12,10.0
MU,0.1051470144023164,2019-01,1.0
ASML,0.0877872293863292,2019-01,2.0
INTC,0.0672086569020069,2019-01,3.0
AMD,0.0434721581966472,2019-01,4.0
GS,0.0402048087092932,2019-01,5.0
SMH,0.0365700795034889,2019-01,6.0
MS,0.0246155305989736,2019-01,7.0
CVX,0.0228986952989795,2019-01,8.0
SLV,0.0206457911961853,2019-01,9.0
XOM,0.0191956561266816,2019-01,10.0
MU,0.1051470144023164,2019-02,1.0
ASML,0.0877872293863292,2019-02,2.0
INTC,0.0672086569020069,2019-02,3.0
AMD,0.0434721581966472,2019-02,4.0
GS,0.0402048087092932,2019-02,5.0
SMH,0.0365700795034889,2019-02,6.0
MS,0.0246155305989736,2019-02,7.0
CVX,0.0228986952989795,2019-02,8.0
SLV,0.0206457911961853,2019-02,9.0
XOM,0.0191956561266816,2019-02,10.0
MU,0.1051470144023164,2019-03,1.0
ASML,0.0877872293863292,2019-03,2.0
INTC,0.0672086569020069,2019-03,3.0
AMD,0.0434721581966472,2019-03,4.0
GS,0.0402048087092932,2019-03,5.0
SMH,0.0365700795034889,2019-03,6.0
MS,0.0246155305989736,2019-03,7.0
CVX,0.0228986952989795,2019-03,8.0
SLV,0.0206457911961853,2019-03,9.0
XOM,0.0191956561266816,2019-03,10.0
MU,0.1051470144023164,2019-04,1.0
ASML,0.0877872293863292,2019-04,2.0
INTC,0.0672086569020069,2019-04,3.0
AMD,0.0434721581966472,2019-04,4.0
GS,0.0402048087092932,2019-04,5.0
SMH,0.0365700795034889,2019-04,6.0
MS,0.0246155305989736,2019-04,7.0
CVX,0.0228986952989795,2019-04,8.0
SLV,0.0206457911961853,2019-04,9.0
XOM,0.0191956561266816,2019-04,10.0
MU,0.1051470144023164,2019-05,1.0
ASML,0.0877872293863292,2019-05,2.0
INTC,0.0672086569020069,2019-05,3.0
AMD,0.0434721581966472,2019-05,4.0
GS,0.0402048087092932,2019-05,5.0
SMH,0.0365700795034889,2019-05,6.0
MS,0.0246155305989736,2019-05,7.0
CVX,0.0228986952989795,2019-05,8.0
SLV,0.0206457911961853,2019-05,9.0
XOM,0.0191956561266816,2019-05,10.0
MU,0.1051470144023164,2019-06,1.0
ASML,0.0877872293863292,2019-06,2.0
INTC,0.0672086569020069,2019-06,3.0
AMD,0.0434721581966472,2019-06,4.0
GS,0.0402048087092932,2019-06,5.0
SMH,0.0365700795034889,2019-06,6.0
MS,0.0246155305989736,2019-06,7.0
CVX,0.0228986952989795,2019-06,8.0
SLV,0.0206457911961853,2019-06,9.0
XOM,0.0191956561266816,2019-06,10.0
MU,0.1051470144023164,2019-07,1.0
ASML,0.0877872293863292,2019-07,2.0
INTC,0.0672086569020069,2019-07,3.0
AMD,0.0434721581966472,2019-07,4.0
GS,0.0402048087092932,2019-07,5.0
SMH,0.0365700795034889,2019-07,6.0
MS,0.0246155305989736,2019-07,7.0
CVX,0.0228986952989795,2019-07,8.0
SLV,0.0206457911961853,2019-07,9.0
XOM,0.0191956561266816,2019-07,10.0
MU,0.1051470144023164,2019-08,1.0
ASML,0.0877872293863292,2019-08,2.0
INTC,0.0672086569020069,2019-08,3.0
AMD,0.0434721581966472,2019-08,4.0
GS,0.0402048087092932,2019-08,5.0
SMH,0.0365700795034889,2019-08,6.0
MS,0.0246155305989736,2019-08,7.0
CVX,0.0228986952989795,2019-08,8.0
SLV,0.0206457911961853,2019-08,9.0
XOM,0.0191956561266816,2019-08,10.0
MU,0.1051470144023164,2019-09,1.0
ASML,0.0877872293863292,2019-09,2.0
INTC,0.0672086569020069,2019-09,3.0
AMD,0.0434721581966472,2019-09,4.0
GS,0.0402048087092932,2019-09,5.0
SMH,0.0365700795034889,2019-09,6.0
MS,0.0246155305989736,2019-09,7.0
CVX,0.0228986952989795,2019-09,8.0
SLV,0.0206457911961853,2019-09,9.0
XOM,0.0191956561266816,2019-09,10.0
MU,0.1051470144023164,2019-10,1.0
ASML,0.0877872293863292,2019-10,2.0
INTC,0.0672086569020069,2019-10,3.0
AMD,0.0434721581966472,2019-10,4.0
GS,0.0402048087092932,2019-10,5.0
SMH,0.0365700795034889,2019-10,6.0
MS,0.0246155305989736,2019-10,7.0
CVX,0.0228986952989795,2019-10,8.0
SLV,0.0206457911961853,2019-10,9.0
XOM,0.0191956561266816,2019-10,10.0
MU,0.1051470144023164,2019-11,1.0
ASML,0.0877872293863292,2019-11,2.0
INTC,0.0672086569020069,2019-11,3.0
AMD,0.0434721581966472,2019-11,4.0
GS,0.0402048087092932,2019-11,5.0
SMH,0.0365700795034889,2019-11,6.0
MS,0.0246155305989736,2019-11,7.0
CVX,0.0228986952989795,2019-11,8.0
SLV,0.0206457911961853,2019-11,9.0
XOM,0.0191956561266816,2019-11,10.0
MU,0.1051470144023164,2019-12,1.0
ASML,0.0877872293863292,2019-12,2.0
INTC,0.0672086569020069,2019-12,3.0
AMD,0.0434721581966472,2019-12,4.0
GS,0.0402048087092932,2019-12,5.0
SMH,0.0365700795034889,2019-12,6.0
MS,0.0246155305989736,2019-12,7.0
CVX,0.0228986952989795,2019-12,8.0
SLV,0.0206457911961853,2019-12,9.0
XOM,0.0191956561266816,2019-12,10.0
MU,0.1051470144023164,2020-01,1.0
ASML,0.0877872293863292,2020-01,2.0
INTC,0.0672086569020069,2020-01,3.0
AMD,0.0434721581966472,2020-01,4.0
GS,0.0402048087092932,2020-01,5.0
SMH,0.0365700795034889,2020-01,6.0
MS,0.0246155305989736,2020-01,7.0
CVX,0.0228986952989795,2020-01,8.0
SLV,0.0206457911961853,2020-01,9.0
XOM,0.0191956561266816,2020-01,10.0
MU,0.1051470144023164,2020-02,1.0
ASML,0.0877872293863292,2020-02,2.0
INTC,0.0672086569020069,2020-02,3.0
AMD,0.0434721581966472,2020-02,4.0
GS,0.0402048087092932,2020-02,5.0
SMH,0.0365700795034889,2020-02,6.0
MS,0.0246155305989736,2020-02,7.0
CVX,0.0228986952989795,2020-02,8.0
SLV,0.0206457911961853,2020-02,9.0
XOM,0.0191956561266816,2020-02,10.0
MU,0.1051470144023164,2020-03,1.0
ASML,0.0877872293863292,2020-03,2.0
INTC,0.0672086569020069,2020-03,3.0
AMD,0.0434721581966472,2020-03,4.0
GS,0.0402048087092932,2020-03,5.0
SMH,0.0365700795034889,2020-03,6.0
MS,0.0246155305989736,2020-03,7.0
CVX,0.0228986952989795,2020-03,8.0
SLV,0.0206457911961853,2020-03,9.0
XOM,0.0191956561266816,2020-03,10.0
MU,0.1051470144023164,2020-04,1.0
ASML,0.0877872293863292,2020-04,2.0
INTC,0.0672086569020069,2020-04,3.0
AMD,0.0434721581966472,2020-04,4.0
GS,0.0402048087092932,2020-04,5.0
SMH,0.0365700795034889,2020-04,6.0
MS,0.0246155305989736,2020-04,7.0
CVX,0.0228986952989795,2020-04,8.0
SLV,0.0206457911961853,2020-04,9.0
XOM,0.0191956561266816,2020-04,10.0
MU,0.1051470144023164,2020-05,1.0
ASML,0.0877872293863292,2020-05,2.0
INTC,0.0672086569020069,2020-05,3.0
AMD,0.0434721581966472,2020-05,4.0
GS,0.0402048087092932,2020-05,5.0
SMH,0.0365700795034889,2020-05,6.0
MS,0.0246155305989736,2020-05,7.0
CVX,0.0228986952989795,2020-05,8.0
SLV,0.0206457911961853,2020-05,9.0
XOM,0.0191956561266816,2020-05,10.0
MU,0.1051470144023164,2020-06,1.0
ASML,0.0877872293863292,2020-06,2.0
INTC,0.0672086569020069,2020-06,3.0
AMD,0.0434721581966472,2020-06,4.0
GS,0.0402048087092932,2020-06,5.0
SMH,0.0365700795034889,2020-06,6.0
MS,0.0246155305989736,2020-06,7.0
CVX,0.0228986952989795,2020-06,8.0
SLV,0.0206457911961853,2020-06,9.0
XOM,0.0191956561266816,2020-06,10.0
MU,0.1051470144023164,2020-07,1.0
ASML,0.0877872293863292,2020-07,2.0
INTC,0.0672086569020069,2020-07,3.0
AMD,0.0434721581966472,2020-07,4.0
GS,0.0402048087092932,2020-07,5.0
SMH,0.0365700795034889,2020-07,6.0
MS,0.0246155305989736,2020-07,7.0
CVX,0.0228986952989795,2020-07,8.0
SLV,0.0206457911961853,2020-07,9.0
XOM,0.0191956561266816,2020-07,10.0
MU,0.1051470144023164,2020-08,1.0
ASML,0.0877872293863292,2020-08,2.0
INTC,0.0672086569020069,2020-08,3.0
AMD,0.0434721581966472,2020-08,4.0
GS,0.0402048087092932,2020-08,5.0
SMH,0.0365700795034889,2020-08,6.0
MS,0.0246155305989736,2020-08,7.0
CVX,0.0228986952989795,2020-08,8.0
SLV,0.0206457911961853,2020-08,9.0
XOM,0.0191956561266816,2020-08,10.0
MU,0.1051470144023164,2020-09,1.0
ASML,0.0877872293863292,2020-09,2.0
INTC,0.0672086569020069,2020-09,3.0
AMD,0.0434721581966472,2020-09,4.0
GS,0.0402048087092932,2020-09,5.0
SMH,0.0365700795034889,2020-09,6.0
MS,0.0246155305989736,2020-09,7.0
CVX,0.0228986952989795,2020-09,8.0
SLV,0.0206457911961853,2020-09,9.0
XOM,0.0191956561266816,2020-09,10.0
MU,0.1051470144023164,2020-10,1.0
ASML,0.0877872293863292,2020-10,2.0
INTC,0.0672086569020069,2020-10,3.0
AMD,0.0434721581966472,2020-10,4.0
GS,0.0402048087092932,2020-10,5.0
SMH,0.0365700795034889,2020-10,6.0
MS,0.0246155305989736,2020-10,7.0
CVX,0.0228986952989795,2020-10,8.0
SLV,0.0206457911961853,2020-10,9.0
XOM,0.0191956561266816,2020-10,10.0
MU,0.1051470144023164,2020-11,1.0
ASML,0.0877872293863292,2020-11,2.0
INTC,0.0672086569020069,2020-11,3.0
AMD,0.0434721581966472,2020-11,4.0
GS,0.0402048087092932,2020-11,5.0
SMH,0.0365700795034889,2020-11,6.0
MS,0.0246155305989736,2020-11,7.0
CVX,0.0228986952989795,2020-11,8.0
SLV,0.0206457911961853,2020-11,9.0
XOM,0.0191956561266816,2020-11,10.0
MU,0.1051470144023164,2020-12,1.0
ASML,0.0877872293863292,2020-12,2.0
INTC,0.0672086569020069,2020-12,3.0
AMD,0.0434721581966472,2020-12,4.0
GS,0.0402048087092932,2020-12,5.0
SMH,0.0365700795034889,2020-12,6.0
MS,0.0246155305989736,2020-12,7.0
CVX,0.0228986952989795,2020-12,8.0
SLV,0.0206457911961853,2020-12,9.0
XOM,0.0191956561266816,2020-12,10.0
MU,0.1051470144023164,2021-01,1.0
ASML,0.0877872293863292,2021-01,2.0
INTC,0.0672086569020069,2021-01,3.0
AMD,0.0434721581966472,2021-01,4.0
GS,0.0402048087092932,2021-01,5.0
SMH,0.0365700795034889,2021-01,6.0
MS,0.0246155305989736,2021-01,7.0
CVX,0.0228986952989795,2021-01,8.0
SLV,0.0206457911961853,2021-01,9.0
XOM,0.0191956561266816,2021-01,10.0
MU,0.1051470144023164,2021-02,1.0
ASML,0.0877872293863292,2021-02,2.0
INTC,0.0672086569020069,2021-02,3.0
AMD,0.0434721581966472,2021-02,4.0
GS,0.0402048087092932,2021-02,5.0
SMH,0.0365700795034889,2021-02,6.0
MS,0.0246155305989736,2021-02,7.0
CVX,0.0228986952989795,2021-02,8.0
SLV,0.0206457911961853,2021-02,9.0
XOM,0.0191956561266816,2021-02,10.0
MU,0.1051470144023164,2021-03,1.0
ASML,0.0877872293863292,2021-03,2.0
INTC,0.0672086569020069,2021-03,3.0
AMD,0.0434721581966472,2021-03,4.0
GS,0.0402048087092932,2021-03,5.0
SMH,0.0365700795034889,2021-03,6.0
MS,0.0246155305989736,2021-03,7.0
CVX,0.0228986952989795,2021-03,8.0
SLV,0.0206457911961853,2021-03,9.0
XOM,0.0191956561266816,2021-03,10.0
MU,0.1051470144023164,2021-04,1.0
ASML,0.0877872293863292,2021-04,2.0
INTC,0.0672086569020069,2021-04,3.0
AMD,0.0434721581966472,2021-04,4.0
GS,0.0402048087092932,2021-04,5.0
SMH,0.0365700795034889,2021-04,6.0
MS,0.0246155305989736,2021-04,7.0
CVX,0.0228986952989795,2021-04,8.0
SLV,0.0206457911961853,2021-04,9.0
XOM,0.0191956561266816,2021-04,10.0
MU,0.1051470144023164,2021-05,1.0
ASML,0.0877872293863292,2021-05,2.0
INTC,0.0672086569020069,2021-05,3.0
AMD,0.0434721581966472,2021-05,4.0
GS,0.0402048087092932,2021-05,5.0
SMH,0.0365700795034889,2021-05,6.0
MS,0.0246155305989736,2021-05,7.0
CVX,0.0228986952989795,2021-05,8.0
SLV,0.0206457911961853,2021-05,9.0
XOM,0.0191956561266816,2021-05,10.0
MU,0.1051470144023164,2021-06,1.0
ASML,0.0877872293863292,2021-06,2.0
INTC,0.0672086569020069,2021-06,3.0
AMD,0.0434721581966472,2021-06,4.0
GS,0.0402048087092932,2021-06,5.0
SMH,0.0365700795034889,2021-06,6.0
MS,0.0246155305989736,2021-06,7.0
CVX,0.0228986952989795,2021-06,8.0
SLV,0.0206457911961853,2021-06,9.0
XOM,0.0191956561266816,2021-06,10.0
MU,0.1051470144023164,2021-07,1.0
ASML,0.0877872293863292,2021-07,2.0
INTC,0.0672086569020069,2021-07,3.0
AMD,0.0434721581966472,2021-07,4.0
GS,0.0402048087092932,2021-07,5.0
SMH,0.0365700795034889,2021-07,6.0
MS,0.0246155305989736,2021-07,7.0
CVX,0.0228986952989795,2021-07,8.0
SLV,0.0206457911961853,2021-07,9.0
XOM,0.0191956561266816,2021-07,10.0
MU,0.1051470144023164,2021-08,1.0
ASML,0.0877872293863292,2021-08,2.0
INTC,0.0672086569020069,2021-08,3.0
AMD,0.0434721581966472,2021-08,4.0
GS,0.0402048087092932,2021-08,5.0
SMH,0.0365700795034889,2021-08,6.0
MS,0.0246155305989736,2021-08,7.0
CVX,0.0228986952989795,2021-08,8.0
SLV,0.0206457911961853,2021-08,9.0
XOM,0.0191956561266816,2021-08,10.0
MU,0.1051470144023164,2021-09,1.0
ASML,0.0877872293863292,2021-09,2.0
INTC,0.0672086569020069,2021-09,3.0
AMD,0.0434721581966472,2021-09,4.0
GS,0.0402048087092932,2021-09,5.0
SMH,0.0365700795034889,2021-09,6.0
MS,0.0246155305989736,2021-09,7.0
CVX,0.0228986952989795,2021-09,8.0
SLV,0.0206457911961853,2021-09,9.0
XOM,0.0191956561266816,2021-09,10.0
MU,0.1051470144023164,2021-10,1.0
ASML,0.0877872293863292,2021-10,2.0
INTC,0.0672086569020069,2021-10,3.0
AMD,0.0434721581966472,2021-10,4.0
GS,0.0402048087092932,2021-10,5.0
SMH,0.0365700795034889,2021-10,6.0
MS,0.0246155305989736,2021-10,7.0
CVX,0.0228986952989795,2021-10,8.0
SLV,0.0206457911961853,2021-10,9.0
XOM,0.0191956561266816,2021-10,10.0
MU,0.1051470144023164,2021-11,1.0
ASML,0.0877872293863292,2021-11,2.0
INTC,0.0672086569020069,2021-11,3.0
AMD,0.0434721581966472,2021-11,4.0
GS,0.0402048087092932,2021-11,5.0
SMH,0.0365700795034889,2021-11,6.0
MS,0.0246155305989736,2021-11,7.0
CVX,0.0228986952989795,2021-11,8.0
SLV,0.0206457911961853,2021-11,9.0
XOM,0.0191956561266816,2021-11,10.0
MU,0.1051470144023164,2021-12,1.0
ASML,0.0877872293863292,2021-12,2.0
INTC,0.0672086569020069,2021-12,3.0
AMD,0.0434721581966472,2021-12,4.0
GS,0.0402048087092932,2021-12,5.0
SMH,0.0365700795034889,2021-12,6.0
MS,0.0246155305989736,2021-12,7.0
CVX,0.0228986952989795,2021-12,8.0
SLV,0.0206457911961853,2021-12,9.0
XOM,0.0191956561266816,2021-12,10.0
MU,0.1051470144023164,2022-01,1.0
ASML,0.0877872293863292,2022-01,2.0
INTC,0.0672086569020069,2022-01,3.0
AMD,0.0434721581966472,2022-01,4.0
GS,0.0402048087092932,2022-01,5.0
SMH,0.0365700795034889,2022-01,6.0
MS,0.0246155305989736,2022-01,7.0
CVX,0.0228986952989795,2022-01,8.0
SLV,0.0206457911961853,2022-01,9.0
XOM,0.0191956561266816,2022-01,10.0
MU,0.1051470144023164,2022-02,1.0
ASML,0.0877872293863292,2022-02,2.0
INTC,0.0672086569020069,2022-02,3.0
AMD,0.0434721581966472,2022-02,4.0
GS,0.0402048087092932,2022-02,5.0
SMH,0.0365700795034889,2022-02,6.0
MS,0.0246155305989736,2022-02,7.0
CVX,0.0228986952989795,2022-02,8.0
SLV,0.0206457911961853,2022-02,9.0
XOM,0.0191956561266816,2022-02,10.0
MU,0.1051470144023164,2022-03,1.0
ASML,0.0877872293863292,2022-03,2.0
INTC,0.0672086569020069,2022-03,3.0
AMD,0.0434721581966472,2022-03,4.0
GS,0.0402048087092932,2022-03,5.0
SMH,0.0365700795034889,2022-03,6.0
MS,0.0246155305989736,2022-03,7.0
CVX,0.0228986952989795,2022-03,8.0
SLV,0.0206457911961853,2022-03,9.0
XOM,0.0191956561266816,2022-03,10.0
MU,0.1051470144023164,2022-04,1.0
ASML,0.0877872293863292,2022-04,2.0
INTC,0.0672086569020069,2022-04,3.0
AMD,0.0434721581966472,2022-04,4.0
GS,0.0402048087092932,2022-04,5.0
SMH,0.0365700795034889,2022-04,6.0
MS,0.0246155305989736,2022-04,7.0
CVX,0.0228986952989795,2022-04,8.0
SLV,0.0206457911961853,2022-04,9.0
XOM,0.0191956561266816,2022-04,10.0
MU,0.1051470144023164,2022-05,1.0
ASML,0.0877872293863292,2022-05,2.0
INTC,0.0672086569020069,2022-05,3.0
AMD,0.0434721581966472,2022-05,4.0
GS,0.0402048087092932,2022-05,5.0
SMH,0.0365700795034889,2022-05,6.0
MS,0.0246155305989736,2022-05,7.0
CVX,0.0228986952989795,2022-05,8.0
SLV,0.0206457911961853,2022-05,9.0
XOM,0.0191956561266816,2022-05,10.0
MU,0.1051470144023164,2022-06,1.0
ASML,0.0877872293863292,2022-06,2.0
INTC,0.0672086569020069,2022-06,3.0
AMD,0.0434721581966472,2022-06,4.0
GS,0.0402048087092932,2022-06,5.0
SMH,0.0365700795034889,2022-06,6.0
MS,0.0246155305989736,2022-06,7.0
CVX,0.0228986952989795,2022-06,8.0
SLV,0.0206457911961853,2022-06,9.0
XOM,0.0191956561266816,2022-06,10.0
MU,0.1051470144023164,2022-07,1.0
ASML,0.0877872293863292,2022-07,2.0
INTC,0.0672086569020069,2022-07,3.0
AMD,0.0434721581966472,2022-07,4.0
GS,0.0402048087092932,2022-07,5.0
SMH,0.0365700795034889,2022-07,6.0
MS,0.0246155305989736,2022-07,7.0
CVX,0.0228986952989795,2022-07,8.0
SLV,0.0206457911961853,2022-07,9.0
XOM,0.0191956561266816,2022-07,10.0
MU,0.1051470144023164,2022-08,1.0
ASML,0.0877872293863292,2022-08,2.0
INTC,0.0672086569020069,2022-08,3.0
AMD,0.0434721581966472,2022-08,4.0
GS,0.0402048087092932,2022-08,5.0
SMH,0.0365700795034889,2022-08,6.0
MS,0.0246155305989736,2022-08,7.0
CVX,0.0228986952989795,2022-08,8.0
SLV,0.0206457911961853,2022-08,9.0
XOM,0.0191956561266816,2022-08,10.0
MU,0.1051470144023164,2022-09,1.0
ASML,0.0877872293863292,2022-09,2.0
INTC,0.0672086569020069,2022-09,3.0
AMD,0.0434721581966472,2022-09,4.0
GS,0.0402048087092932,2022-09,5.0
SMH,0.0365700795034889,2022-09,6.0
MS,0.0246155305989736,2022-09,7.0
CVX,0.0228986952989795,2022-09,8.0
SLV,0.0206457911961853,2022-09,9.0
XOM,0.0191956561266816,2022-09,10.0
MU,0.1051470144023164,2022-10,1.0
ASML,0.0877872293863292,2022-10,2.0
INTC,0.0672086569020069,2022-10,3.0
AMD,0.0434721581966472,2022-10,4.0
GS,0.0402048087092932,2022-10,5.0
SMH,0.0365700795034889,2022-10,6.0
MS,0.0246155305989736,2022-10,7.0
CVX,0.0228986952989795,2022-10,8.0
SLV,0.0206457911961853,2022-10,9.0
XOM,0.0191956561266816,2022-10,10.0
MU,0.1051470144023164,2022-11,1.0
ASML,0.0877872293863292,2022-11,2.0
INTC,0.0672086569020069,2022-11,3.0
AMD,0.0434721581966472,2022-11,4.0
GS,0.0402048087092932,2022-11,5.0
SMH,0.0365700795034889,2022-11,6.0
MS,0.0246155305989736,2022-11,7.0
CVX,0.0228986952989795,2022-11,8.0
SLV,0.0206457911961853,2022-11,9.0
XOM,0.0191956561266816,2022-11,10.0
MU,0.1051470144023164,2022-12,1.0
ASML,0.0877872293863292,2022-12,2.0
INTC,0.0672086569020069,2022-12,3.0
AMD,0.0434721581966472,2022-12,4.0
GS,0.0402048087092932,2022-12,5.0
SMH,0.0365700795034889,2022-12,6.0
MS,0.0246155305989736,2022-12,7.0
CVX,0.0228986952989795,2022-12,8.0
SLV,0.0206457911961853,2022-12,9.0
XOM,0.0191956561266816,2022-12,10.0
MU,0.1051470144023164,2023-01,1.0
ASML,0.0877872293863292,2023-01,2.0
INTC,0.0672086569020069,2023-01,3.0
AMD,0.0434721581966472,2023-01,4.0
GS,0.0402048087092932,2023-01,5.0
SMH,0.0365700795034889,2023-01,6.0
MS,0.0246155305989736,2023-01,7.0
CVX,0.0228986952989795,2023-01,8.0
SLV,0.0206457911961853,2023-01,9.0
XOM,0.0191956561266816,2023-01,10.0
MU,0.1051470144023164,2023-02,1.0
ASML,0.0877872293863292,2023-02,2.0
INTC,0.0672086569020069,2023-02,3.0
AMD,0.0434721581966472,2023-02,4.0
GS,0.0402048087092932,2023-02,5.0
SMH,0.0365700795034889,2023-02,6.0
MS,0.0246155305989736,2023-02,7.0
CVX,0.0228986952989795,2023-02,8.0
SLV,0.0206457911961853,2023-02,9.0
XOM,0.0191956561266816,2023-02,10.0
MU,0.1051470144023164,2023-03,1.0
ASML,0.0877872293863292,2023-03,2.0
INTC,0.0672086569020069,2023-03,3.0
AMD,0.0434721581966472,2023-03,4.0
GS,0.0402048087092932,2023-03,5.0
SMH,0.0365700795034889,2023-03,6.0
MS,0.0246155305989736,2023-03,7.0
CVX,0.0228986952989795,2023-03,8.0
SLV,0.0206457911961853,2023-03,9.0
XOM,0.0191956561266816,2023-03,10.0
MU,0.1051470144023164,2023-04,1.0
ASML,0.0877872293863292,2023-04,2.0
INTC,0.0672086569020069,2023-04,3.0
AMD,0.0434721581966472,2023-04,4.0
GS,0.0402048087092932,2023-04,5.0
SMH,0.0365700795034889,2023-04,6.0
MS,0.0246155305989736,2023-04,7.0
CVX,0.0228986952989795,2023-04,8.0
SLV,0.0206457911961853,2023-04,9.0
XOM,0.0191956561266816,2023-04,10.0
MU,0.1051470144023164,2023-05,1.0
ASML,0.0877872293863292,2023-05,2.0
INTC,0.0672086569020069,2023-05,3.0
AMD,0.0434721581966472,2023-05,4.0
GS,0.0402048087092932,2023-05,5.0
SMH,0.0365700795034889,2023-05,6.0
MS,0.0246155305989736,2023-05,7.0
CVX,0.0228986952989795,2023-05,8.0
SLV,0.0206457911961853,2023-05,9.0
XOM,0.0191956561266816,2023-05,10.0
MU,0.1051470144023164,2023-06,1.0
ASML,0.0877872293863292,2023-06,2.0
INTC,0.0672086569020069,2023-06,3.0
AMD,0.0434721581966472,2023-06,4.0
GS,0.0402048087092932,2023-06,5.0
SMH,0.0365700795034889,2023-06,6.0
MS,0.0246155305989736,2023-06,7.0
CVX,0.0228986952989795,2023-06,8.0
SLV,0.0206457911961853,2023-06,9.0
XOM,0.0191956561266816,2023-06,10.0
MU,0.1051470144023164,2023-07,1.0
ASML,0.0877872293863292,2023-07,2.0
INTC,0.0672086569020069,2023-07,3.0
AMD,0.0434721581966472,2023-07,4.0
GS,0.0402048087092932,2023-07,5.0
SMH,0.0365700795034889,2023-07,6.0
MS,0.0246155305989736,2023-07,7.0
CVX,0.0228986952989795,2023-07,8.0
SLV,0.0206457911961853,2023-07,9.0
XOM,0.0191956561266816,2023-07,10.0
MU,0.1051470144023164,2023-08,1.0
ASML,0.0877872293863292,2023-08,2.0
INTC,0.0672086569020069,2023-08,3.0
AMD,0.0434721581966472,2023-08,4.0
GS,0.0402048087092932,2023-08,5.0
SMH,0.0365700795034889,2023-08,6.0
MS,0.0246155305989736,2023-08,7.0
CVX,0.0228986952989795,2023-08,8.0
SLV,0.0206457911961853,2023-08,9.0
XOM,0.0191956561266816,2023-08,10.0
MU,0.1051470144023164,2023-09,1.0
ASML,0.0877872293863292,2023-09,2.0
INTC,0.0672086569020069,2023-09,3.0
AMD,0.0434721581966472,2023-09,4.0
GS,0.0402048087092932,2023-09,5.0
SMH,0.0365700795034889,2023-09,6.0
MS,0.0246155305989736,2023-09,7.0
CVX,0.0228986952989795,2023-09,8.0
SLV,0.0206457911961853,2023-09,9.0
XOM,0.0191956561266816,2023-09,10.0
MU,0.1051470144023164,2023-10,1.0
ASML,0.0877872293863292,2023-10,2.0
INTC,0.0672086569020069,2023-10,3.0
AMD,0.0434721581966472,2023-10,4.0
GS,0.0402048087092932,2023-10,5.0
SMH,0.0365700795034889,2023-10,6.0
MS,0.0246155305989736,2023-10,7.0
CVX,0.0228986952989795,2023-10,8.0
SLV,0.0206457911961853,2023-10,9.0
XOM,0.0191956561266816,2023-10,10.0
MU,0.1051470144023164,2023-11,1.0
ASML,0.0877872293863292,2023-11,2.0
INTC,0.0672086569020069,2023-11,3.0
AMD,0.0434721581966472,2023-11,4.0
GS,0.0402048087092932,2023-11,5.0
SMH,0.0365700795034889,2023-11,6.0
MS,0.0246155305989736,2023-11,7.0
CVX,0.0228986952989795,2023-11,8.0
SLV,0.0206457911961853,2023-11,9.0
XOM,0.0191956561266816,2023-11,10.0
MU,0.1051470144023164,2023-12,1.0
ASML,0.0877872293863292,2023-12,2.0
INTC,0.0672086569020069,2023-12,3.0
AMD,0.0434721581966472,2023-12,4.0
GS,0.0402048087092932,2023-12,5.0
SMH,0.0365700795034889,2023-12,6.0
MS,0.0246155305989736,2023-12,7.0
CVX,0.0228986952989795,2023-12,8.0
SLV,0.0206457911961853,2023-12,9.0
XOM,0.0191956561266816,2023-12,10.0
MU,0.1051470144023164,2024-01,1.0
ASML,0.0877872293863292,2024-01,2.0
INTC,0.0672086569020069,2024-01,3.0
AMD,0.0434721581966472,2024-01,4.0
GS,0.0402048087092932,2024-01,5.0
SMH,0.0365700795034889,2024-01,6.0
MS,0.0246155305989736,2024-01,7.0
CVX,0.0228986952989795,2024-01,8.0
SLV,0.0206457911961853,2024-01,9.0
XOM,0.0191956561266816,2024-01,10.0
MU,0.1051470144023164,2024-02,1.0
ASML,0.0877872293863292,2024-02,2.0
INTC,0.0672086569020069,2024-02,3.0
AMD,0.0434721581966472,2024-02,4.0
GS,0.0402048087092932,2024-02,5.0
SMH,0.0365700795034889,2024-02,6.0
MS,0.0246155305989736,2024-02,7.0
CVX,0.0228986952989795,2024-02,8.0
SLV,0.0206457911961853,2024-02,9.0
XOM,0.0191956561266816,2024-02,10.0
MU,0.1051470144023164,2024-03,1.0
ASML,0.0877872293863292,2024-03,2.0
INTC,0.0672086569020069,2024-03,3.0
AMD,0.0434721581966472,2024-03,4.0
GS,0.0402048087092932,2024-03,5.0
SMH,0.0365700795034889,2024-03,6.0
MS,0.0246155305989736,2024-03,7.0
CVX,0.0228986952989795,2024-03,8.0
SLV,0.0206457911961853,2024-03,9.0
XOM,0.0191956561266816,2024-03,10.0
MU,0.1051470144023164,2024-04,1.0
ASML,0.0877872293863292,2024-04,2.0
INTC,0.0672086569020069,2024-04,3.0
AMD,0.0434721581966472,2024-04,4.0
GS,0.0402048087092932,2024-04,5.0
SMH,0.0365700795034889,2024-04,6.0
MS,0.0246155305989736,2024-04,7.0
CVX,0.0228986952989795,2024-04,8.0
SLV,0.0206457911961853,2024-04,9.0
XOM,0.0191956561266816,2024-04,10.0
MU,0.1051470144023164,2024-05,1.0
ASML,0.0877872293863292,2024-05,2.0
INTC,0.0672086569020069,2024-05,3.0
AMD,0.0434721581966472,2024-05,4.0
GS,0.0402048087092932,2024-05,5.0
SMH,0.0365700795034889,2024-05,6.0
MS,0.0246155305989736,2024-05,7.0
CVX,0.0228986952989795,2024-05,8.0
SLV,0.0206457911961853,2024-05,9.0
XOM,0.0191956561266816,2024-05,10.0
MU,0.1051470144023164,2024-06,1.0
ASML,0.0877872293863292,2024-06,2.0
INTC,0.0672086569020069,2024-06,3.0
AMD,0.0434721581966472,2024-06,4.0
GS,0.0402048087092932,2024-06,5.0
SMH,0.0365700795034889,2024-06,6.0
MS,0.0246155305989736,2024-06,7.0
CVX,0.0228986952989795,2024-06,8.0
SLV,0.0206457911961853,2024-06,9.0
XOM,0.0191956561266816,2024-06,10.0
MU,0.1051470144023164,2024-07,1.0
ASML,0.0877872293863292,2024-07,2.0
INTC,0.0672086569020069,2024-07,3.0
AMD,0.0434721581966472,2024-07,4.0
GS,0.0402048087092932,2024-07,5.0
SMH,0.0365700795034889,2024-07,6.0
MS,0.0246155305989736,2024-07,7.0
CVX,0.0228986952989795,2024-07,8.0
SLV,0.0206457911961853,2024-07,9.0
XOM,0.0191956561266816,2024-07,10.0
MU,0.1051470144023164,2024-08,1.0
ASML,0.0877872293863292,2024-08,2.0
INTC,0.0672086569020069,2024-08,3.0
AMD,0.0434721581966472,2024-08,4.0
GS,0.0402048087092932,2024-08,5.0
SMH,0.0365700795034889,2024-08,6.0
MS,0.0246155305989736,2024-08,7.0
CVX,0.0228986952989795,2024-08,8.0
SLV,0.0206457911961853,2024-08,9.0
XOM,0.0191956561266816,2024-08,10.0
MU,0.1051470144023164,2024-09,1.0
ASML,0.0877872293863292,2024-09,2.0
INTC,0.0672086569020069,2024-09,3.0
AMD,0.0434721581966472,2024-09,4.0
GS,0.0402048087092932,2024-09,5.0
SMH,0.0365700795034889,2024-09,6.0
MS,0.0246155305989736,2024-09,7.0
CVX,0.0228986952989795,2024-09,8.0
SLV,0.0206457911961853,2024-09,9.0
XOM,0.0191956561266816,2024-09,10.0
MU,0.1051470144023164,2024-10,1.0
ASML,0.0877872293863292,2024-10,2.0
INTC,0.0672086569020069,2024-10,3.0
AMD,0.0434721581966472,2024-10,4.0
GS,0.0402048087092932,2024-10,5.0
SMH,0.0365700795034889,2024-10,6.0
MS,0.0246155305989736,2024-10,7.0
CVX,0.0228986952989795,2024-10,8.0
SLV,0.0206457911961853,2024-10,9.0
XOM,0.0191956561266816,2024-10,10.0
MU,0.1051470144023164,2024-11,1.0
ASML,0.0877872293863292,2024-11,2.0
INTC,0.0672086569020069,2024-11,3.0
AMD,0.0434721581966472,2024-11,4.0
GS,0.0402048087092932,2024-11,5.0
SMH,0.0365700795034889,2024-11,6.0
MS,0.0246155305989736,2024-11,7.0
CVX,0.0228986952989795,2024-11,8.0
SLV,0.0206457911961853,2024-11,9.0
XOM,0.0191956561266816,2024-11,10.0
MU,0.1051470144023164,2024-12,1.0
ASML,0.0877872293863292,2024-12,2.0
INTC,0.0672086569020069,2024-12,3.0
AMD,0.0434721581966472,2024-12,4.0
GS,0.0402048087092932,2024-12,5.0
SMH,0.0365700795034889,2024-12,6.0
MS,0.0246155305989736,2024-12,7.0
CVX,0.0228986952989795,2024-12,8.0
SLV,0.0206457911961853,2024-12,9.0
XOM,0.0191956561266816,2024-12,10.0
MU,0.1051470144023164,2025-01,1.0
ASML,0.0877872293863292,2025-01,2.0
INTC,0.0672086569020069,2025-01,3.0
AMD,0.0434721581966472,2025-01,4.0
GS,0.0402048087092932,2025-01,5.0
SMH,0.0365700795034889,2025-01,6.0
MS,0.0246155305989736,2025-01,7.0
CVX,0.0228986952989795,2025-01,8.0
SLV,0.0206457911961853,2025-01,9.0
XOM,0.0191956561266816,2025-01,10.0
MU,0.1051470144023164,2025-02,1.0
ASML,0.0877872293863292,2025-02,2.0
INTC,0.0672086569020069,2025-02,3.0
AMD,0.0434721581966472,2025-02,4.0
GS,0.0402048087092932,2025-02,5.0
SMH,0.0365700795034889,2025-02,6.0
MS,0.0246155305989736,2025-02,7.0
CVX,0.0228986952989795,2025-02,8.0
SLV,0.0206457911961853,2025-02,9.0
XOM,0.0191956561266816,2025-02,10.0
MU,0.1051470144023164,2025-03,1.0
ASML,0.0877872293863292,2025-03,2.0
INTC,0.0672086569020069,2025-03,3.0
AMD,0.0434721581966472,2025-03,4.0
GS,0.0402048087092932,2025-03,5.0
SMH,0.0365700795034889,2025-03,6.0
MS,0.0246155305989736,2025-03,7.0
CVX,0.0228986952989795,2025-03,8.0
SLV,0.0206457911961853,2025-03,9.0
XOM,0.0191956561266816,2025-03,10.0
MU,0.1051470144023164,2025-04,1.0
ASML,0.0877872293863292,2025-04,2.0
INTC,0.0672086569020069,2025-04,3.0
AMD,0.0434721581966472,2025-04,4.0
GS,0.0402048087092932,2025-04,5.0
SMH,0.0365700795034889,2025-04,6.0
MS,0.0246155305989736,2025-04,7.0
CVX,0.0228986952989795,2025-04,8.0
SLV,0.0206457911961853,2025-04,9.0
XOM,0.0191956561266816,2025-04,10.0
MU,0.1051470144023164,2025-05,1.0
ASML,0.0877872293863292,2025-05,2.0
INTC,0.0672086569020069,2025-05,3.0
AMD,0.0434721581966472,2025-05,4.0
GS,0.0402048087092932,2025-05,5.0
SMH,0.0365700795034889,2025-05,6.0
MS,0.0246155305989736,2025-05,7.0
CVX,0.0228986952989795,2025-05,8.0
SLV,0.0206457911961853,2025-05,9.0
XOM,0.0191956561266816,2025-05,10.0
MU,0.1051470144023164,2025-06,1.0
ASML,0.0877872293863292,2025-06,2.0
INTC,0.0672086569020069,2025-06,3.0
AMD,0.0434721581966472,2025-06,4.0
GS,0.0402048087092932,2025-06,5.0
SMH,0.0365700795034889,2025-06,6.0
MS,0.0246155305989736,2025-06,7.0
CVX,0.0228986952989795,2025-06,8.0
SLV,0.0206457911961853,2025-06,9.0
XOM,0.0191956561266816,2025-06,10.0
MU,0.1051470144023164,2025-07,1.0
ASML,0.0877872293863292,2025-07,2.0
INTC,0.0672086569020069,2025-07,3.0
AMD,0.0434721581966472,2025-07,4.0
GS,0.0402048087092932,2025-07,5.0
SMH,0.0365700795034889,2025-07,6.0
MS,0.0246155305989736,2025-07,7.0
CVX,0.0228986952989795,2025-07,8.0
SLV,0.0206457911961853,2025-07,9.0
XOM,0.0191956561266816,2025-07,10.0
MU,0.1051470144023164,2025-08,1.0
ASML,0.0877872293863292,2025-08,2.0
INTC,0.0672086569020069,2025-08,3.0
AMD,0.0434721581966472,2025-08,4.0
GS,0.0402048087092932,2025-08,5.0
SMH,0.0365700795034889,2025-08,6.0
MS,0.0246155305989736,2025-08,7.0
CVX,0.0228986952989795,2025-08,8.0
SLV,0.0206457911961853,2025-08,9.0
XOM,0.0191956561266816,2025-08,10.0
MU,0.1051470144023164,2025-09,1.0
ASML,0.0877872293863292,2025-09,2.0
INTC,0.0672086569020069,2025-09,3.0
AMD,0.0434721581966472,2025-09,4.0
GS,0.0402048087092932,2025-09,5.0
SMH,0.0365700795034889,2025-09,6.0
MS,0.0246155305989736,2025-09,7.0
CVX,0.0228986952989795,2025-09,8.0
SLV,0.0206457911961853,2025-09,9.0
XOM,0.0191956561266816,2025-09,10.0
MU,0.1051470144023164,2025-10,1.0
ASML,0.0877872293863292,2025-10,2.0
INTC,0.0672086569020069,2025-10,3.0
AMD,0.0434721581966472,2025-10,4.0
GS,0.0402048087092932,2025-10,5.0
SMH,0.0365700795034889,2025-10,6.0
MS,0.0246155305989736,2025-10,7.0
CVX,0.0228986952989795,2025-10,8.0
SLV,0.0206457911961853,2025-10,9.0
XOM,0.0191956561266816,2025-10,10.0
MU,0.1051470144023164,2025-11,1.0
ASML,0.0877872293863292,2025-11,2.0
INTC,0.0672086569020069,2025-11,3.0
AMD,0.0434721581966472,2025-11,4.0
GS,0.0402048087092932,2025-11,5.0
SMH,0.0365700795034889,2025-11,6.0
MS,0.0246155305989736,2025-11,7.0
CVX,0.0228986952989795,2025-11,8.0
SLV,0.0206457911961853,2025-11,9.0
XOM,0.0191956561266816,2025-11,10.0
MU,0.1051470144023164,2025-12,1.0
ASML,0.0877872293863292,2025-12,2.0
INTC,0.0672086569020069,2025-12,3.0
AMD,0.0434721581966472,2025-12,4.0
GS,0.0402048087092932,2025-12,5.0
SMH,0.0365700795034889,2025-12,6.0
MS,0.0246155305989736,2025-12,7.0
CVX,0.0228986952989795,2025-12,8.0
SLV,0.0206457911961853,2025-12,9.0
XOM,0.0191956561266816,2025-12,10.0
MU,0.1051470144023164,2025-12,1.0
ASML,0.0877872293863292,2025-12,2.0
INTC,0.0672086569020069,2025-12,3.0
AMD,0.0434721581966472,2025-12,4.0
GS,0.0402048087092932,2025-12,5.0
SMH,0.0365700795034889,2025-12,6.0
MS,0.0246155305989736,2025-12,7.0
CVX,0.0228986952989795,2025-12,8.0
SLV,0.0206457911961853,2025-12,9.0
XOM,0.0191956561266816,2025-12,10.0
MU,0.1051470144023164,2026-01,1.0
ASML,0.0877872293863292,2026-01,2.0
INTC,0.0672086569020069,2026-01,3.0
AMD,0.0434721581966472,2026-01,4.0
GS,0.0402048087092932,2026-01,5.0
SMH,0.0365700795034889,2026-01,6.0
MS,0.0246155305989736,2026-01,7.0
CVX,0.0228986952989795,2026-01,8.0
SLV,0.0206457911961853,2026-01,9.0
XOM,0.0191956561266816,2026-01,10.0
