Price,close
Ticker,
date,
2012-05-18,37.96480178833008
2012-05-21,33.79393768310547
2012-05-22,30.784957885742188
2012-05-23,31.77802085876465
2012-05-24,32.800872802734375
2012-05-25,31.68864631652832
2012-05-29,28.63994407653809
2012-05-30,27.99444961547852
2012-05-31,29.39466667175293
2012-06-01,27.527708053588867
2012-06-04,26.713397979736328
2012-06-05,25.69054412841797
2012-06-06,26.62401962280273
2012-06-07,26.12748908996582
2012-06-08,26.91201400756836
2012-06-11,26.82263565063477
2012-06-12,27.20992851257324
2012-06-13,27.08083152770996
2012-06-14,28.09375762939453
2012-06-15,29.80182456970215
2012-06-18,31.192115783691406
2012-06-19,31.68864631652832
2012-06-20,31.38079643249512
2012-06-21,31.619129180908203
2012-06-22,32.82073211669922
2012-06-25,31.83760643005371
2012-06-26,32.870391845703125
2012-06-27,32.00642395019531
2012-06-28,31.14245986938477
2012-06-29,30.884265899658203
2012-07-02,30.55655288696289
2012-07-03,30.983570098876957
2012-07-05,31.25169563293457
2012-07-06,31.50989151000977
2012-07-09,31.94684219360352
2012-07-10,31.25169563293457
2012-07-11,30.755163192749023
2012-07-12,30.59627342224121
2012-07-13,30.506898880004883
2012-07-16,28.054031372070312
2012-07-17,27.895143508911133
2012-07-18,28.908069610595703
2012-07-19,28.798830032348636
2012-07-20,28.56049919128418
2012-07-23,28.55056571960449
2012-07-24,28.252647399902344
2012-07-25,29.136472702026367
2012-07-26,26.66374397277832
2012-07-27,23.545528411865234
2012-07-30,22.989412307739254
2012-07-31,21.559398651123047
2012-08-01,20.73515510559082
2012-08-02,19.90098571777344
2012-08-03,20.943700790405277
2012-08-06,21.767946243286133
2012-08-07,20.576265335083008
2012-08-08,20.576265335083008
2012-08-09,20.864255905151367
2012-08-10,21.65870857238769
2012-08-13,21.450164794921875
2012-08-14,20.23862648010254
2012-08-15,21.05293846130371
2012-08-16,19.732166290283203
2012-08-17,18.91785049438477
2012-08-20,19.871192932128903
2012-08-21,19.027088165283203
2012-08-22,19.305145263671875
2012-08-23,19.305145263671875
2012-08-24,19.27535629272461
2012-08-27,19.01715850830078
2012-08-28,19.20584297180176
2012-08-29,18.967506408691406
2012-08-30,18.957576751708984
2012-08-31,17.93471908569336
2012-09-04,17.60700798034668
2012-09-05,18.451114654541016
2012-09-06,18.82847595214844
2012-09-07,18.84834098815918
2012-09-10,18.67951774597168
2012-09-11,19.29521751403809
2012-09-12,20.784809112548828
2012-09-13,20.566335678100582
2012-09-14,21.847389221191406
2012-09-17,21.37071990966797
2012-09-18,21.718292236328125
2012-09-19,23.12843894958496
2012-09-20,22.43329429626465
2012-09-21,22.70142364501953
2012-09-24,20.645782470703125
2012-09-25,20.139324188232425
2012-09-26,20.47696304321289
2012-09-27,20.17904281616211
2012-09-28,21.509748458862305
2012-10-01,21.837459564208984
2012-10-02,22.115516662597656
2012-10-03,21.678571701049805
2012-10-04,21.797739028930664
2012-10-05,20.76494789123535
2012-10-08,20.25848960876465
2012-10-09,20.08967018127441
2012-10-10,19.503759384155277
2012-10-11,19.61299514770508
2012-10-12,19.38459205627441
2012-10-15,19.38459205627441
2012-10-16,19.34486961364746
2012-10-17,19.74209213256836
2012-10-18,18.84834098815918
2012-10-19,18.86819839477539
2012-10-22,19.18598175048828
2012-10-23,19.364730834960938
2012-10-24,23.068857192993164
2012-10-25,22.40350341796875
2012-10-26,21.787805557250977
2012-10-31,20.963563919067383
2012-11-01,21.0628662109375
2012-11-02,21.033077239990234
2012-11-05,21.10259056091309
2012-11-06,21.02314567565918
2012-11-07,20.328001022338867
2012-11-08,19.8513298034668
2012-11-09,19.07674217224121
2012-11-12,19.930776596069336
2012-11-13,19.72223472595215
2012-11-14,22.204891204833984
2012-11-15,22.016210556030277
2012-11-16,23.396568298339844
2012-11-19,22.761005401611328
2012-11-20,22.939760208129883
2012-11-21,24.15129280090332
2012-11-23,23.833515167236328
2012-11-26,25.76005744934082
2012-11-27,25.968603134155277
2012-11-28,26.177146911621094
2012-11-29,27.13048553466797
2012-11-30,27.80576705932617
2012-12-03,26.852428436279297
2012-12-04,27.269514083862305
2012-12-05,27.517778396606445
2012-12-06,26.78291320800781
2012-12-07,27.29930305480957
2012-12-10,27.64687728881836
2012-12-11,27.785907745361328
2012-12-12,27.388681411743164
2012-12-13,28.044103622436523
2012-12-14,26.62401962280273
2012-12-17,26.56443977355957
2012-12-18,27.517778396606445
2012-12-19,27.219860076904297
2012-12-20,27.17020606994629
2012-12-21,26.07783889770508
2012-12-24,26.74319076538086
2012-12-26,26.326107025146484
2012-12-27,25.869295120239254
2012-12-28,25.73026657104492
2012-12-31,26.43534278869629
2013-01-02,27.80576705932617
2013-01-03,27.577362060546875
2013-01-04,28.56049919128418
2013-01-07,29.215917587280277
2013-01-08,28.858413696289062
2013-01-09,30.37779998779297
2013-01-10,31.082876205444336
2013-01-11,31.499963760375977
2013-01-14,30.73530578613281
2013-01-15,29.89120101928711
2013-01-16,29.642932891845703
2013-01-17,29.930923461914062
2013-01-18,29.454252243041992
2013-01-22,30.516830444335938
2013-01-23,30.606204986572266
2013-01-24,30.864402770996094
2013-01-25,31.32121467590332
2013-01-28,32.2447624206543
2013-01-29,30.57641220092773
2013-01-30,31.023290634155277
2013-01-31,30.76509475708008
2013-02-01,29.52376747131348
2013-02-04,27.91500473022461
2013-02-05,28.44132804870605
2013-02-06,28.848482131958008
2013-02-07,28.45125770568848
2013-02-08,28.351953506469727
2013-02-11,28.06396484375
2013-02-12,27.180139541625977
2013-02-13,27.716392517089844
2013-02-14,28.30229949951172
2013-02-15,28.123544692993164
2013-02-19,28.72931671142578
2013-02-20,28.262575149536133
2013-02-21,27.090763092041016
2013-02-22,26.941804885864254
2013-02-25,27.08083152770996
2013-02-26,27.19999885559082
2013-02-27,26.68360710144043
2013-02-28,27.060970306396484
2013-03-01,27.58729362487793
2013-03-04,27.527708053588867
2013-03-05,27.329099655151367
2013-03-06,27.259584426879883
2013-03-07,28.381744384765625
2013-03-08,27.76604461669922
2013-03-11,27.944793701171875
2013-03-12,27.636947631835938
2013-03-13,26.89215087890625
2013-03-14,26.852428436279297
2013-03-15,26.465133666992188
2013-03-18,26.306241989135746
2013-03-19,26.36582565307617
2013-03-20,25.680614471435547
2013-03-21,25.56144523620605
2013-03-22,25.551513671875
2013-03-25,24.95567512512207
2013-03-26,25.03512191772461
2013-03-27,25.90901756286621
2013-03-28,25.40255546569824
2013-04-01,25.352903366088867
2013-04-02,25.2436637878418
2013-04-03,26.067907333374023
2013-04-04,26.88221740722656
2013-04-05,27.19999885559082
2013-04-08,26.66374397277832
2013-04-09,26.405548095703125
2013-04-10,27.378751754760746
2013-04-11,27.82563018798828
2013-04-12,27.20992851257324
2013-04-15,26.33603286743164
2013-04-16,26.733259201049805
2013-04-17,26.44527053833008
2013-04-18,25.511791229248047
2013-04-19,25.551513671875
2013-04-22,25.78984832763672
2013-04-23,25.79977798461914
2013-04-24,25.928878784179688
2013-04-25,25.95867156982422
2013-04-26,26.66374397277832
2013-04-29,26.792842864990234
2013-04-30,27.577362060546875
2013-05-01,27.239723205566406
2013-05-02,28.7690372467041
2013-05-03,28.11361694335937
2013-05-06,27.378751754760746
2013-05-07,26.70346450805664
2013-05-08,26.93187522888184
2013-05-09,26.852428436279297
2013-05-10,26.49492454528809
2013-05-13,26.633953094482425
2013-05-14,26.88221740722656
2013-05-15,26.41547966003418
2013-05-16,25.948740005493164
2013-05-17,26.067907333374023
2013-05-20,25.58130645751953
2013-05-21,25.48199844360352
2013-05-22,24.9854679107666
2013-05-23,24.886159896850582
2013-05-24,24.14136505126953
2013-05-28,23.93282127380371
2013-05-29,23.158233642578125
2013-05-30,24.37969970703125
2013-05-31,24.18108940124512
2013-06-03,23.684555053710938
2013-06-04,23.356847763061523
2013-06-05,22.74114418029785
2013-06-06,22.81066131591797
2013-06-07,23.12843894958496
2013-06-10,24.16122817993164
2013-06-11,23.863306045532227
2013-06-12,23.605112075805664
2013-06-13,23.565385818481445
2013-06-14,23.46608161926269
2013-06-17,23.853376388549805
2013-06-18,24.042055130004883
2013-06-19,24.14136505126953
2013-06-20,23.734209060668945
2013-06-21,24.359840393066406
2013-06-24,23.773935317993164
2013-06-25,24.08177947998047
2013-06-26,23.99240493774414
2013-06-27,24.48893928527832
2013-06-28,24.70741081237793
2013-07-01,24.63789749145508
2013-07-02,24.240673065185547
2013-07-03,24.349910736083984
2013-07-05,24.200950622558597
2013-07-08,24.53859138488769
2013-07-09,25.303247451782227
2013-07-10,25.621028900146484
2013-07-11,25.63096046447754
2013-07-12,25.73026657104492
2013-07-15,26.097700119018555
2013-07-16,26.137422561645508
2013-07-17,26.465133666992188
2013-07-18,25.998395919799805
2013-07-19,25.70047378540039
2013-07-22,25.869295120239254
2013-07-23,25.948740005493164
2013-07-24,26.326107025146484
2013-07-25,34.12165069580078
2013-07-26,33.77408218383789
2013-07-29,35.18422317504883
2013-07-30,37.36896896362305
2013-07-31,36.54472732543945
2013-08-01,37.22993850708008
2013-08-02,37.78604888916016
2013-08-05,38.91814422607422
2013-08-06,38.28258514404297
2013-08-07,38.60036087036133
2013-08-08,38.27265167236328
2013-08-09,38.23292922973633
2013-08-12,37.95486831665039
2013-08-13,36.76319885253906
2013-08-14,36.3957633972168
2013-08-15,36.3063850402832
2013-08-16,36.82278823852539
2013-08-19,37.54772186279297
2013-08-20,38.143550872802734
2013-08-21,38.054176330566406
2013-08-22,38.28258514404297
2013-08-23,40.26871490478516
2013-08-26,41.05323028564453
2013-08-27,39.36502456665039
2013-08-28,40.26871490478516
2013-08-29,40.99365234375
2013-08-30,41.00357437133789
2013-09-03,41.57955932617188
2013-09-04,41.490177154541016
2013-09-05,42.36407470703125
2013-09-06,43.64512634277344
2013-09-09,43.734500885009766
2013-09-10,43.29754638671875
2013-09-11,44.72755813598633
2013-09-12,44.4395751953125
2013-09-13,44.00263214111328
2013-09-16,42.215110778808594
2013-09-17,44.757354736328125
2013-09-18,44.91624450683594
2013-09-19,45.66104507446289
2013-09-20,47.16057205200195
2013-09-23,46.86264419555664
2013-09-24,48.113914489746094
2013-09-25,49.11689758300781
2013-09-26,50.04044723510742
2013-09-27,50.884552001953125
2013-09-30,49.881568908691406
2013-10-01,50.07024383544922
2013-10-02,49.93121719360352
2013-10-03,48.83884811401367
2013-10-04,50.685943603515625
2013-10-07,50.169551849365234
2013-10-08,46.81299591064453
2013-10-09,46.44556427001953
2013-10-10,48.709747314453125
2013-10-11,48.76932907104492
2013-10-14,49.16654968261719
2013-10-15,49.1566276550293
2013-10-16,50.78525161743164
2013-10-17,51.84782409667969
2013-10-18,53.84388732910156
2013-10-21,53.4764518737793
2013-10-22,52.3145637512207
2013-10-23,51.53997802734375
2013-10-24,52.08616256713867
2013-10-25,51.58962631225586
2013-10-28,49.881568908691406
2013-10-29,49.05732345581055
2013-10-30,48.670021057128906
2013-10-31,49.861698150634766
2013-11-01,49.40488815307617
2013-11-04,47.88550567626953
2013-11-05,49.762393951416016
2013-11-06,48.779258728027344
2013-11-07,47.23008728027344
2013-11-08,47.20029067993164
2013-11-11,45.879520416259766
2013-11-12,46.28667449951172
2013-11-13,48.37210464477539
2013-11-14,48.65016555786133
2013-11-15,48.670021057128906
2013-11-18,45.5120849609375
2013-11-19,46.03840255737305
2013-11-20,46.1079216003418
2013-11-21,46.37604904174805
2013-11-22,45.909305572509766
2013-11-25,44.50908279418945
2013-11-26,45.5716667175293
2013-11-27,46.16750717163086
2013-11-29,46.683895111083984
2013-12-02,46.73355484008789
2013-12-03,46.40583801269531
2013-12-04,48.28273010253906
2013-12-05,48.004669189453125
2013-12-06,47.60744094848633
2013-12-09,48.50120544433594
2013-12-10,49.90142440795898
2013-12-11,49.03745651245117
2013-12-12,51.470462799072266
2013-12-13,52.95012283325195
2013-12-16,53.43672943115234
2013-12-17,54.47944641113281
2013-12-18,55.18451690673828
2013-12-19,54.66812515258789
2013-12-20,54.737640380859375
2013-12-23,57.369258880615234
2013-12-24,57.55793762207031
2013-12-26,57.329532623291016
2013-12-27,55.05541610717773
2013-12-30,53.33742141723633
2013-12-31,54.27089691162109
2014-01-02,54.33048248291016
2014-01-03,54.18152618408203
2014-01-06,56.80321502685547
2014-01-07,57.51821517944336
2014-01-08,57.82606506347656
2014-01-09,56.82307434082031
2014-01-10,57.5380744934082
2014-01-13,55.522159576416016
2014-01-14,57.33946990966797
2014-01-15,57.20043563842773
2014-01-16,56.79328155517578
2014-01-17,55.909454345703125
2014-01-21,58.1041259765625
2014-01-22,57.11105728149414
2014-01-23,56.23716354370117
2014-01-24,54.07229232788086
2014-01-27,53.17853546142578
2014-01-28,54.75750350952149
2014-01-29,53.158668518066406
2014-01-30,60.65630340576172
2014-01-31,62.13595962524414
2014-02-03,61.05351257324219
2014-02-04,62.31471252441406
2014-02-05,61.75859832763672
2014-02-06,61.72880554199219
2014-02-07,63.87382888793945
2014-02-10,63.10915756225586
2014-02-11,64.40013122558594
2014-02-12,64.00291442871094
2014-02-13,66.8629379272461
2014-02-14,66.62460327148438
2014-02-18,66.83316040039062
2014-02-19,67.58787536621094
2014-02-20,69.14698028564453
2014-02-21,68.11421203613281
2014-02-24,70.28900146484375
2014-02-25,69.3654556274414
2014-02-26,68.77955627441406
2014-02-27,68.46177673339844
2014-02-28,67.98511505126953
2014-03-03,66.9423828125
2014-03-04,68.32274627685547
2014-03-05,71.07353210449219
2014-03-06,70.34859466552734
2014-03-07,69.3157958984375
2014-03-10,71.53033447265625
2014-03-11,69.61373138427734
2014-03-12,70.3883056640625
2014-03-13,68.35254669189453
2014-03-14,67.250244140625
2014-03-17,68.2631607055664
2014-03-18,68.71005249023438
2014-03-19,67.76661682128906
2014-03-20,66.50543975830078
2014-03-21,66.7735595703125
2014-03-24,63.65534591674805
2014-03-25,64.43986511230469
2014-03-26,59.9710807800293
2014-03-27,60.54705810546875
2014-03-28,59.593711853027344
2014-03-31,59.82212448120117
2014-04-01,62.18561553955078
2014-04-02,62.28491973876953
2014-04-03,59.07732772827149
2014-04-04,56.3563346862793
2014-04-07,56.55494689941406
2014-04-08,57.78633880615234
2014-04-09,61.97706985473633
2014-04-10,58.749610900878906
2014-04-11,58.12399291992188
2014-04-14,58.48149108886719
2014-04-15,58.68009948730469
2014-04-16,59.30573272705078
2014-04-17,58.53113555908203
2014-04-21,60.815189361572266
2014-04-22,62.592769622802734
2014-04-23,60.934349060058594
2014-04-24,60.44775390625
2014-04-25,57.30967712402344
2014-04-28,55.75056457519531
2014-04-29,57.74662399291992
2014-04-30,59.36531448364258
2014-05-01,60.72581481933594
2014-05-02,60.04060363769531
2014-05-05,60.79532623291016
2014-05-06,58.12399291992188
2014-05-07,56.99189758300781
2014-05-08,56.36626052856445
2014-05-09,56.84294128417969
2014-05-12,59.41497039794922
2014-05-13,59.41497039794922
2014-05-14,58.819129943847656
2014-05-15,57.51821517944336
2014-05-16,57.617523193359375
2014-05-19,58.79926681518555
2014-05-20,58.15377807617188
2014-05-21,60.07038879394531
2014-05-22,60.10018157958984
2014-05-23,60.92441940307617
2014-05-27,63.039649963378906
2014-05-28,63.06943893432617
2014-05-29,63.3872184753418
2014-05-30,62.86090087890625
2014-06-02,62.64242935180664
2014-06-03,62.433876037597656
2014-06-04,62.90061950683594
2014-06-05,62.75165939331055
2014-06-06,62.06644058227539
2014-06-09,62.44381332397461
2014-06-10,65.31376647949219
2014-06-11,65.32369232177734
2014-06-12,63.84402847290039
2014-06-13,64.05257415771484
2014-06-16,63.74473190307617
2014-06-17,63.95327377319336
2014-06-18,65.14492797851562
2014-06-19,63.89368438720703
2014-06-20,64.05257415771484
2014-06-23,64.91654205322266
2014-06-24,65.26411437988281
2014-06-25,66.97218322753906
2014-06-26,66.6643295288086
2014-06-27,67.13105773925781
2014-06-30,66.82322692871094
2014-07-01,67.58787536621094
2014-07-02,65.98904418945312
2014-07-03,65.83015441894531
2014-07-07,64.83708953857422
2014-07-08,62.32463836669922
2014-07-09,64.51930236816406
2014-07-10,64.42000579833984
2014-07-11,65.87980651855469
2014-07-14,67.42899322509766
2014-07-15,66.70404815673828
2014-07-16,67.19065856933594
2014-07-17,65.94933319091797
2014-07-18,67.94538116455078
2014-07-21,68.91857147216797
2014-07-22,68.78948974609375
2014-07-23,70.79547119140625
2014-07-24,74.45987701416016
2014-07-25,74.66841888427734
2014-07-28,74.4002914428711
2014-07-29,73.19868469238281
2014-07-30,74.16194915771484
2014-07-31,72.14604187011719
2014-08-01,71.85803985595703
2014-08-04,73.00006866455078
2014-08-05,72.1857681274414
2014-08-06,71.96728515625
2014-08-07,72.66242980957031
2014-08-08,72.55319213867188
2014-08-11,72.93055725097656
2014-08-12,72.32479095458984
2014-08-13,73.25826263427734
2014-08-14,73.78459930419922
2014-08-15,73.11921691894531
2014-08-18,74.07257843017578
2014-08-19,74.7677230834961
2014-08-20,74.29104614257812
2014-08-21,74.0527114868164
2014-08-22,74.0527114868164
2014-08-25,74.49959564208984
2014-08-26,75.4330825805664
2014-08-27,74.11231231689453
2014-08-28,73.34764099121094
2014-08-29,74.30098724365234
2014-09-02,76.14807891845703
2014-09-03,75.3039779663086
2014-09-04,75.42314910888672
2014-09-05,76.72405242919922
2014-09-08,77.34967803955078
2014-09-09,76.13814544677734
2014-09-10,76.89287567138672
2014-09-11,77.37947845458984
2014-09-12,76.94253540039062
2014-09-15,74.06265258789062
2014-09-16,75.55224609375
2014-09-17,75.89981079101562
2014-09-18,76.46585845947266
2014-09-19,77.36954498291016
2014-09-22,76.26725769042969
2014-09-23,77.7469253540039
2014-09-24,77.99518585205078
2014-09-25,76.68433380126953
2014-09-26,78.24343872070312
2014-09-29,78.45198059082031
2014-09-30,78.49171447753906
2014-10-01,76.01899719238281
2014-10-02,76.54530334472656
2014-10-03,76.9028091430664
2014-10-06,77.02197265625
2014-10-07,75.76078796386719
2014-10-08,76.98223876953125
2014-10-09,75.38343811035156
2014-10-10,72.40423583984375
2014-10-13,72.48367309570312
2014-10-14,73.07951354980469
2014-10-15,72.70215606689453
2014-10-16,72.12616729736328
2014-10-17,75.42314910888672
2014-10-20,76.41619873046875
2014-10-21,78.1441421508789
2014-10-22,77.82636260986328
2014-10-23,79.48477172851562
2014-10-24,80.11040496826172
2014-10-27,79.72310638427734
2014-10-28,80.20970153808594
2014-10-29,75.3337631225586
2014-10-30,73.59590911865234
2014-10-31,74.46980285644531
2014-11-03,73.36750030517578
2014-11-04,75.23446655273438
2014-11-05,74.31092071533203
2014-11-06,74.7379379272461
2014-11-07,75.0755844116211
2014-11-10,74.479736328125
2014-11-11,74.09243774414062
2014-11-12,74.20167541503906
2014-11-13,73.73493957519531
2014-11-14,74.36056518554688
2014-11-17,73.7249984741211
2014-11-18,73.8243179321289
2014-11-19,72.82131958007812
2014-11-20,73.0894546508789
2014-11-21,73.23841857910156
2014-11-24,73.4966049194336
2014-11-25,75.1053695678711
2014-11-26,77.08155822753906
2014-11-28,77.16100311279297
2014-12-01,74.57904052734375
2014-12-02,74.9365463256836
2014-12-03,74.36056518554688
2014-12-04,74.71807098388672
2014-12-05,75.83030700683594
2014-12-08,75.98918914794922
2014-12-09,76.30696868896484
2014-12-10,75.65154266357422
2014-12-11,77.1907958984375
2014-12-12,77.29010772705078
2014-12-15,76.45592498779297
2014-12-16,74.17189025878906
2014-12-17,75.58203887939453
2014-12-18,77.85614776611328
2014-12-19,79.32587432861328
2014-12-22,80.8849868774414
2014-12-23,80.05081939697266
2014-12-24,80.20970153808594
2014-12-26,80.21964263916016
2014-12-29,79.46492004394531
2014-12-30,78.67046356201172
2014-12-31,77.47877502441406
2015-01-02,77.90580749511719
2015-01-05,76.65453338623047
2015-01-06,75.62175750732422
2015-01-07,75.62175750732422
2015-01-08,77.6376724243164
2015-01-09,77.20072174072266
2015-01-12,76.18780517578125
2015-01-13,75.919677734375
2015-01-14,75.75084686279297
2015-01-15,73.53633117675781
2015-01-16,74.65848541259766
2015-01-20,75.71112823486328
2015-01-21,76.20764923095703
2015-01-22,77.11135864257812
2015-01-23,77.29010772705078
2015-01-26,76.9623794555664
2015-01-27,75.25433349609375
2015-01-28,75.71112823486328
2015-01-29,77.45892333984375
2015-01-30,75.38343811035156
2015-02-02,74.46980285644531
2015-02-03,74.87696838378906
2015-02-04,75.1053695678711
2015-02-05,75.08551025390625
2015-02-06,73.95342254638672
2015-02-09,73.92361450195312
2015-02-10,74.66841888427734
2015-02-11,75.97925567626953
2015-02-12,75.70120239257812
2015-02-13,75.214599609375
2015-02-17,75.0755844116211
2015-02-18,76.17787170410156
2015-02-19,78.86907196044922
2015-02-20,79.34574890136719
2015-02-23,78.2930908203125
2015-02-24,77.90580749511719
2015-02-25,79.00809478759766
2015-02-26,79.85220336914062
2015-02-27,78.42220306396484
2015-03-02,79.19678497314453
2015-03-03,79.0478286743164
2015-03-04,80.33881378173828
2015-03-05,80.64665222167969
2015-03-06,79.45498657226562
2015-03-09,78.8889389038086
2015-03-10,77.01204681396484
2015-03-11,77.03191375732422
2015-03-12,78.3824691772461
2015-03-13,77.50858306884766
2015-03-16,77.52842712402344
2015-03-17,78.80949401855469
2015-03-18,80.34874725341797
2015-03-19,82.17597198486328
2015-03-20,83.21868896484375
2015-03-23,83.84432220458984
2015-03-24,84.71822357177734
2015-03-25,82.34479522705078
2015-03-26,82.43416595458984
2015-03-27,82.72216796875
2015-03-30,82.62284088134766
2015-03-31,81.649658203125
2015-04-01,81.10347747802734
2015-04-02,80.99422454833984
2015-04-06,81.86812591552734
2015-04-07,81.74895477294922
2015-04-08,81.70923614501953
2015-04-09,81.60000610351562
2015-04-10,81.47090911865234
2015-04-13,82.43416595458984
2015-04-14,82.94062042236328
2015-04-15,82.13624572753906
2015-04-16,81.73902893066406
2015-04-17,80.21964263916016
2015-04-20,82.51361846923828
2015-04-21,83.0399398803711
2015-04-22,84.04290771484375
2015-04-23,81.8383560180664
2015-04-24,80.96443939208984
2015-04-27,81.34180450439453
2015-04-28,80.12034606933594
2015-04-29,79.91179656982422
2015-04-30,78.22357177734375
2015-05-01,78.44205474853516
2015-05-04,78.26329803466797
2015-05-05,77.02197265625
2015-05-06,77.5582275390625
2015-05-07,77.88592529296875
2015-05-08,77.96537780761719
2015-05-11,77.46886444091797
2015-05-12,76.92266845703125
2015-05-13,77.8958740234375
2015-05-14,80.80555725097656
2015-05-15,79.86213684082031
2015-05-18,80.3189468383789
2015-05-19,80.07068634033203
2015-05-20,79.99124908447266
2015-05-21,79.92172241210938
2015-05-22,79.98130798339844
2015-05-26,78.77970123291016
2015-05-27,79.99124908447266
2015-05-28,79.5940170288086
2015-05-29,78.64067077636719
2015-06-01,79.73304748535156
2015-06-02,79.88199615478516
2015-06-03,81.86812591552734
2015-06-04,81.48085021972656
2015-06-05,81.57019805908203
2015-06-08,80.11040496826172
2015-06-09,80.11040496826172
2015-06-10,81.59008026123047
2015-06-11,81.26236724853516
2015-06-12,80.96443939208984
2015-06-15,80.1501235961914
2015-06-16,80.49769592285156
2015-06-17,81.22264099121094
2015-06-18,82.33486938476562
2015-06-19,81.9376449584961
2015-06-22,84.15217590332031
2015-06-23,87.27039337158203
2015-06-24,88.24358367919922
2015-06-25,87.36969757080078
2015-06-26,87.39949035644531
2015-06-29,85.2048110961914
2015-06-30,85.17501831054688
2015-07-01,86.30712127685547
2015-07-02,86.68447875976562
2015-07-06,86.94269561767578
2015-07-07,86.6149673461914
2015-07-08,85.05586242675781
2015-07-09,85.28425598144531
2015-07-10,87.33988952636719
2015-07-13,89.47498321533203
2015-07-14,89.05789947509766
2015-07-15,89.13734436035156
2015-07-16,90.21977996826172
2015-07-17,94.31121063232422
2015-07-20,97.2308120727539
2015-07-21,97.70748901367188
2015-07-22,96.3668441772461
2015-07-23,94.77794647216795
2015-07-24,96.2774658203125
2015-07-27,93.51675415039062
2015-07-28,94.62899017333984
2015-07-29,96.31719207763672
2015-07-30,94.54954528808594
2015-07-31,93.35787963867188
2015-08-03,93.48696899414062
2015-08-04,93.4075164794922
2015-08-05,95.77101135253906
2015-08-06,94.46017456054688
2015-08-07,93.64585876464844
2015-08-10,93.49689483642578
2015-08-11,92.97057342529295
2015-08-12,93.53662109375
2015-08-13,92.78189086914062
2015-08-14,93.76502227783205
2015-08-17,93.27843475341795
2015-08-18,94.50982666015624
2015-08-19,94.64884185791016
2015-08-20,89.93179321289062
2015-08-21,85.46302032470703
2015-08-24,81.52055358886719
2015-08-25,82.42424774169922
2015-08-26,86.5851821899414
2015-08-27,89.1075668334961
2015-08-28,90.37867736816406
2015-08-31,88.80963134765625
2015-09-01,86.62490844726562
2015-09-02,89.26644134521484
2015-09-03,87.53851318359375
2015-09-04,87.64775085449219
2015-09-08,88.90894317626953
2015-09-09,89.81263732910156
2015-09-10,91.3419418334961
2015-09-11,91.41146087646484
2015-09-14,91.66966247558594
2015-09-15,92.25555419921876
2015-09-16,92.80175018310548
2015-09-17,93.6855697631836
2015-09-18,93.7451629638672
2015-09-21,94.8871841430664
2015-09-22,92.31514739990234
2015-09-23,93.3181381225586
2015-09-24,93.75509643554688
2015-09-25,92.12645721435548
2015-09-28,88.59115600585938
2015-09-29,86.06878662109375
2015-09-30,89.27638244628906
2015-10-01,90.31909942626952
2015-10-02,91.43132781982422
2015-10-05,93.35787963867188
2015-10-06,92.15626525878906
2015-10-07,91.75904083251952
2015-10-08,91.82855224609376
2015-10-09,92.59320068359376
2015-10-12,93.60614013671876
2015-10-13,93.46710968017578
2015-10-14,93.41744995117188
2015-10-15,95.2943344116211
2015-10-16,96.86337280273438
2015-10-19,97.78693389892578
2015-10-20,96.32711791992188
2015-10-21,96.43635559082033
2015-10-22,98.97859191894533
2015-10-23,101.48113250732422
2015-10-26,103.05015563964844
2015-10-27,102.98064422607422
2015-10-28,103.47718048095705
2015-10-29,104.15245819091795
2015-10-30,101.26265716552734
2015-11-02,102.59335327148438
2015-11-03,101.86841583251952
2015-11-04,103.21898651123048
2015-11-05,108.00556182861328
2015-11-06,106.35707092285156
2015-11-09,105.75128936767578
2015-11-10,107.16145324707033
2015-11-11,108.25379943847656
2015-11-12,107.27068328857422
2015-11-13,103.22891235351562
2015-11-16,103.31829071044922
2015-11-17,104.4007339477539
2015-11-18,107.0224151611328
2015-11-19,105.52289581298828
2015-11-20,106.57553100585938
2015-11-23,106.20809936523438
2015-11-24,105.0064926147461
2015-11-25,104.67879486083984
2015-11-27,104.718505859375
2015-11-30,103.5168914794922
2015-12-01,106.37692260742188
2015-12-02,105.33419799804688
2015-12-03,103.65592956542967
2015-12-04,105.44345092773438
2015-12-07,104.87740325927734
2015-12-08,105.75128936767578
2015-12-09,103.8744125366211
2015-12-10,104.68870544433594
2015-12-11,101.41161346435548
2015-12-14,103.93399047851562
2015-12-15,103.8247528076172
2015-12-16,106.0492172241211
2015-12-17,105.4831771850586
2015-12-18,103.31829071044922
2015-12-21,104.0432357788086
2015-12-22,104.7780990600586
2015-12-23,103.90419006347656
2015-12-24,104.29148864746094
2015-12-28,105.19517517089844
2015-12-29,106.51596069335938
2015-12-30,105.4831771850586
2015-12-31,103.93399047851562
2016-01-04,101.51092529296876
2016-01-05,102.01737213134766
2016-01-06,102.2557144165039
2016-01-07,97.2407455444336
2016-01-08,96.65483856201172
2016-01-11,96.8335952758789
2016-01-12,98.6806869506836
2016-01-13,94.77794647216795
2016-01-14,97.68761444091795
2016-01-15,94.31121063232422
2016-01-19,94.59919738769533
2016-01-20,93.69549560546876
2016-01-21,93.50682830810548
2016-01-22,97.26060485839844
2016-01-25,96.3370590209961
2016-01-26,96.66475677490234
2016-01-27,93.7948226928711
2016-01-28,108.35311889648438
2016-01-29,111.43162536621094
2016-02-01,114.29163360595705
2016-02-02,113.81497192382812
2016-02-03,111.90827941894533
2016-02-04,109.72354125976562
2016-02-05,103.34807586669922
2016-02-08,99.05804443359376
2016-02-09,98.84949493408205
2016-02-10,100.29937744140624
2016-02-11,101.2030792236328
2016-02-12,101.30237579345705
2016-02-16,100.90514373779295
2016-02-17,104.4702377319336
2016-02-18,102.75225067138672
2016-02-19,103.84461212158205
2016-02-22,106.41665649414062
2016-02-23,104.72843933105467
2016-02-24,106.13858032226562
2016-02-25,107.32034301757812
2016-02-26,107.17137145996094
2016-02-29,106.1783218383789
2016-03-01,109.05818939208984
2016-03-02,109.18728637695312
2016-03-03,108.8198471069336
2016-03-04,107.63812255859376
2016-03-07,104.99657440185548
2016-03-08,105.19517517089844
2016-03-09,106.76423645019533
2016-03-10,106.57553100585938
2016-03-11,108.65103912353516
2016-03-14,109.12770080566406
2016-03-15,109.90229034423828
2016-03-16,111.40182495117188
2016-03-17,110.24987030029295
2016-03-18,110.6768798828125
2016-03-21,111.07411193847656
2016-03-22,111.4713363647461
2016-03-23,111.75933074951172
2016-03-24,112.26579284667967
2016-03-28,112.9013442993164
2016-03-29,115.3343505859375
2016-03-30,113.9043426513672
2016-03-31,113.30850982666016
2016-04-01,115.25489807128906
2016-04-04,111.76927185058594
2016-04-05,111.4415512084961
2016-04-06,112.92121124267578
2016-04-07,112.85169982910156
2016-04-08,109.86256408691406
2016-04-11,108.23395538330078
2016-04-12,109.84271240234376
2016-04-13,109.74340057373048
2016-04-14,110.07111358642578
2016-04-15,108.8794403076172
2016-04-18,109.68383026123048
2016-04-19,111.51106262207033
2016-04-20,111.64016723632812
2016-04-21,112.65306854248048
2016-04-22,109.79305267333984
2016-04-25,109.33625030517578
2016-04-26,108.00556182861328
2016-04-27,108.1346435546875
2016-04-28,115.92025756835938
2016-04-29,116.76436614990234
2016-05-02,117.74748229980467
2016-05-03,116.61540985107422
2016-05-04,117.24103546142578
2016-05-05,116.99275970458984
2016-05-06,118.6611099243164
2016-05-09,118.41284942626952
2016-05-10,119.66411590576172
2016-05-11,118.69091033935548
2016-05-12,119.44563293457033
2016-05-13,118.97889709472656
2016-05-16,117.84681701660156
2016-05-17,116.53595733642578
2016-05-18,116.83387756347656
2016-05-19,115.99970245361328
2016-05-20,116.53595733642578
2016-05-23,115.16554260253906
2016-05-24,116.88352966308594
2016-05-25,117.07221221923828
2016-05-26,118.64125061035156
2016-05-27,118.5518798828125
2016-05-31,117.98583221435548
2016-06-01,117.95603942871094
2016-06-02,118.1050033569336
2016-06-03,117.648193359375
2016-06-06,117.96597290039062
2016-06-07,116.94312286376952
2016-06-08,117.56873321533205
2016-06-09,117.73755645751952
2016-06-10,115.81103515625
2016-06-13,113.15955352783205
2016-06-14,114.14266967773438
2016-06-15,113.8050308227539
2016-06-16,113.59649658203124
2016-06-17,112.23599243164062
2016-06-20,112.58358001708984
2016-06-21,113.58656311035156
2016-06-22,113.11983489990234
2016-06-23,114.28170776367188
2016-06-24,111.30252075195312
2016-06-27,108.21409606933594
2016-06-28,111.91820526123048
2016-06-29,113.36808776855467
2016-06-30,113.48726654052734
2016-07-01,113.39787292480467
2016-07-05,113.4078140258789
2016-07-06,115.89046478271484
2016-07-07,115.04635620117188
2016-07-08,116.42671966552734
2016-07-11,117.05235290527344
2016-07-12,117.11194610595705
2016-07-13,115.96990966796876
2016-07-14,116.47637939453124
2016-07-15,116.0493621826172
2016-07-18,118.54195404052734
2016-07-19,119.77334594726562
2016-07-20,121.07425689697266
2016-07-21,119.77334594726562
2016-07-22,120.16065216064452
2016-07-25,120.78627014160156
2016-07-26,120.37911224365234
2016-07-27,122.4843978881836
2016-07-28,124.13288116455078
2016-07-29,123.08024597167967
2016-08-01,123.44767761230467
2016-08-02,122.2361297607422
2016-08-03,121.66016387939452
2016-08-04,123.49732971191406
2016-08-05,124.28185272216795
2016-08-08,124.3910903930664
2016-08-09,124.19247436523438
2016-08-10,124.01372528076172
2016-08-11,124.03358459472656
2016-08-12,124.01372528076172
2016-08-15,123.04051971435548
2016-08-16,122.44468688964844
2016-08-17,123.50727081298828
2016-08-18,123.05045318603516
2016-08-19,122.702880859375
2016-08-22,123.28878784179688
2016-08-23,123.50727081298828
2016-08-24,122.62344360351562
2016-08-25,123.03058624267578
2016-08-26,124.0931625366211
2016-08-29,125.66221618652344
2016-08-30,124.9670639038086
2016-08-31,125.24513244628906
2016-09-01,125.29476165771484
2016-09-02,125.63241577148438
2016-09-06,128.83010864257812
2016-09-07,130.14093017578125
2016-09-08,129.36634826660156
2016-09-09,126.21831512451172
2016-09-12,127.79730224609376
2016-09-13,126.32756042480467
2016-09-14,126.88368225097656
2016-09-15,127.45964813232422
2016-09-16,128.1746826171875
2016-09-19,127.75757598876952
2016-09-20,127.7476577758789
2016-09-21,129.03860473632812
2016-09-22,129.1776580810547
2016-09-23,127.07235717773438
2016-09-26,126.42687225341795
2016-09-27,127.79730224609376
2016-09-28,128.33355712890625
2016-09-29,127.20144653320312
2016-09-30,127.3802261352539
2016-10-03,127.87674713134766
2016-10-04,127.30077362060548
2016-10-05,127.57881927490234
2016-10-06,127.84695434570312
2016-10-07,128.09524536132812
2016-10-10,129.33656311035156
2016-10-11,127.98599243164062
2016-10-12,128.15481567382812
2016-10-13,126.93333435058594
2016-10-14,126.992919921875
2016-10-17,126.65526580810548
2016-10-18,127.67814636230467
2016-10-19,129.20745849609375
2016-10-20,129.0981903076172
2016-10-21,131.15386962890625
2016-10-24,132.35546875
2016-10-25,131.37232971191406
2016-10-26,130.13099670410156
2016-10-27,128.79037475585938
2016-10-28,130.37925720214844
2016-10-31,130.08135986328125
2016-11-01,128.6016845703125
2016-11-02,126.287841796875
2016-11-03,119.16758728027344
2016-11-04,119.9123764038086
2016-11-07,121.30266571044922
2016-11-08,123.35831451416016
2016-11-09,122.32552337646484
2016-11-10,119.96202850341795
2016-11-11,118.19437408447266
2016-11-14,114.28170776367188
2016-11-15,116.38699340820312
2016-11-16,115.53294372558594
2016-11-17,116.97290802001952
2016-11-18,116.208251953125
2016-11-21,120.92529296875
2016-11-22,120.62738037109376
2016-11-23,120.0017547607422
2016-11-25,119.54493713378906
2016-11-28,119.57473754882812
2016-11-29,120.03155517578124
2016-11-30,117.5985336303711
2016-12-01,114.3015594482422
2016-12-02,114.59950256347656
2016-12-05,116.61540985107422
2016-12-06,116.49623107910156
2016-12-07,117.13178253173828
2016-12-08,118.08513641357422
2016-12-09,118.8498077392578
2016-12-12,116.95304870605467
2016-12-13,119.47542572021484
2016-12-14,119.37610626220705
2016-12-15,119.73362731933594
2016-12-16,119.03848266601562
2016-12-19,118.41284942626952
2016-12-20,118.26388549804688
2016-12-21,118.2142333984375
2016-12-22,116.58560943603516
2016-12-23,116.45650482177734
2016-12-27,117.19137573242188
2016-12-28,116.1089324951172
2016-12-29,115.54288482666016
2016-12-30,114.25192260742188
2017-01-03,116.0493621826172
2017-01-04,117.86666870117188
2017-01-05,119.83293151855467
2017-01-06,122.55392456054688
2017-01-09,124.03358459472656
2017-01-10,123.48739624023438
2017-01-11,125.21531677246094
2017-01-12,125.7416534423828
2017-01-13,127.44971466064452
2017-01-17,126.98299407958984
2017-01-18,127.03263854980467
2017-01-19,126.66520690917967
2017-01-20,126.15875244140624
2017-01-23,128.0355987548828
2017-01-24,128.4725799560547
2017-01-25,130.5679168701172
2017-01-26,131.8589324951172
2017-01-27,131.26309204101562
2017-01-30,130.0714111328125
2017-01-31,129.41598510742188
2017-02-01,132.30580139160156
2017-02-02,129.93235778808594
2017-02-03,130.0714111328125
2017-02-06,131.14393615722656
2017-02-07,130.92543029785156
2017-02-08,133.26907348632812
2017-02-09,133.20947265625
2017-02-10,133.25914001464844
2017-02-13,133.1201171875
2017-02-14,132.9215087890625
2017-02-15,132.5143280029297
2017-02-16,132.9115447998047
2017-02-17,132.6037139892578
2017-02-21,132.79241943359375
2017-02-22,135.17575073242188
2017-02-23,134.42103576660156
2017-02-24,134.50048828125
2017-02-27,135.4637451171875
2017-02-28,134.59976196289062
2017-03-01,136.4667510986328
2017-03-02,135.81130981445312
2017-03-03,136.2184600830078
2017-03-06,136.4667510986328
2017-03-07,136.3475799560547
2017-03-08,136.7646484375
2017-03-09,137.28103637695312
2017-03-10,137.8272247314453
2017-03-13,138.631591796875
2017-03-14,138.35357666015625
2017-03-15,138.7507781982422
2017-03-16,139.0189208984375
2017-03-17,138.86996459960938
2017-03-20,138.96923828125
2017-03-21,137.5491943359375
2017-03-22,138.62168884277344
2017-03-23,138.5620880126953
2017-03-24,139.366455078125
2017-03-27,139.3466339111328
2017-03-28,140.776611328125
2017-03-29,141.6604461669922
2017-03-30,141.422119140625
2017-03-31,141.0646209716797
2017-04-03,141.2930145263672
2017-04-04,140.74685668945312
2017-04-05,140.8660125732422
2017-04-06,140.19073486328125
2017-04-07,139.80340576171875
2017-04-10,140.06161499023438
2017-04-11,138.9493865966797
2017-04-12,138.61175537109375
2017-04-13,138.42306518554688
2017-04-17,140.43898010253906
2017-04-18,139.982177734375
2017-04-19,141.28309631347656
2017-04-20,142.80247497558594
2017-04-21,142.68331909179688
2017-04-24,144.4608917236328
2017-04-25,145.4738311767578
2017-04-26,145.5433349609375
2017-04-27,146.67543029785156
2017-04-28,149.20774841308594
2017-05-01,151.40240478515625
2017-05-02,151.72018432617188
2017-05-03,150.7469940185547
2017-05-04,149.8035888671875
2017-05-05,149.1977996826172
2017-05-08,150.01210021972656
2017-05-09,149.43614196777344
2017-05-10,149.24745178222656
2017-05-11,148.9991912841797
2017-05-12,149.2871856689453
2017-05-15,149.1481475830078
2017-05-16,148.7410125732422
2017-05-17,143.84518432617188
2017-05-18,146.63571166992188
2017-05-19,147.03292846679688
2017-05-22,147.21168518066406
2017-05-23,147.04286193847656
2017-05-24,148.9991912841797
2017-05-25,150.9058837890625
2017-05-26,151.07470703125
2017-05-30,151.3229522705078
2017-05-31,150.40936279296875
2017-06-01,150.47886657714844
2017-06-02,152.54443359375
2017-06-05,152.56430053710938
2017-06-06,151.74996948242188
2017-06-07,152.05780029296875
2017-06-08,153.63682556152344
2017-06-09,148.56224060058594
2017-06-12,147.41030883789062
2017-06-13,149.634765625
2017-06-14,149.20774841308594
2017-06-15,148.76087951660156
2017-06-16,149.59503173828125
2017-06-19,151.8095703125
2017-06-20,151.19386291503906
2017-06-21,152.8423614501953
2017-06-22,152.33587646484375
2017-06-23,153.99429321289062
2017-06-26,152.52455139160156
2017-06-27,149.5354461669922
2017-06-28,152.17698669433594
2017-06-29,149.9922637939453
2017-06-30,149.9326629638672
2017-07-03,147.40032958984375
2017-07-05,149.297119140625
2017-07-06,147.78765869140625
2017-07-07,150.38951110839844
2017-07-10,152.43516540527344
2017-07-11,154.19293212890625
2017-07-12,157.7977294921875
2017-07-13,158.15524291992188
2017-07-14,158.8603057861328
2017-07-17,158.62196350097656
2017-07-18,161.73028564453125
2017-07-19,163.00137329101562
2017-07-20,163.38868713378906
2017-07-21,163.28936767578125
2017-07-24,164.84849548339844
2017-07-25,164.13345336914062
2017-07-26,164.461181640625
2017-07-27,169.25767517089844
2017-07-28,171.2537078857422
2017-07-31,168.07594299316406
2017-08-01,168.6817169189453
2017-08-02,168.12559509277344
2017-08-03,167.42051696777344
2017-08-04,168.443359375
2017-08-07,170.78700256347656
2017-08-08,170.04222106933594
2017-08-09,169.99253845214844
2017-08-10,166.23876953125
2017-08-11,166.91404724121094
2017-08-14,169.56553649902344
2017-08-15,169.81382751464844
2017-08-16,168.8207244873047
2017-08-17,165.75218200683594
2017-08-18,166.2487030029297
2017-08-21,166.61610412597656
2017-08-22,168.46322631835938
2017-08-23,167.53968811035156
2017-08-24,166.57643127441406
2017-08-25,165.166259765625
2017-08-28,166.0798797607422
2017-08-29,166.88427734375
2017-08-30,168.7412872314453
2017-08-31,170.77706909179688
2017-09-01,170.82672119140625
2017-09-05,169.5357208251953
2017-09-06,170.89620971679688
2017-09-07,172.00848388671875
2017-09-08,169.76412963867188
2017-09-11,172.30636596679688
2017-09-12,171.76022338867188
2017-09-13,171.84959411621094
2017-09-14,169.77407836914062
2017-09-15,170.4493408203125
2017-09-18,168.83065795898438
2017-09-19,171.3232421875
2017-09-20,170.97567749023438
2017-09-21,169.9230499267578
2017-09-22,169.3569793701172
2017-09-25,161.74017333984375
2017-09-26,163.07089233398438
2017-09-27,166.51683044433594
2017-09-28,167.55955505371094
2017-09-29,169.68470764160156
2017-10-02,168.29440307617188
2017-10-03,168.78103637695312
2017-10-04,167.25167846679688
2017-10-05,170.05213928222656
2017-10-06,171.03526306152344
2017-10-09,171.30340576171875
2017-10-10,170.3997039794922
2017-10-11,171.54173278808594
2017-10-12,171.35304260253906
2017-10-13,172.5347900390625
2017-10-16,173.30938720703125
2017-10-17,174.8883514404297
2017-10-18,174.80889892578125
2017-10-19,173.34909057617188
2017-10-20,173.7661895751953
2017-10-23,170.08192443847656
2017-10-24,170.60826110839844
2017-10-25,169.4165802001953
2017-10-26,169.4463653564453
2017-10-27,176.64608764648438
2017-10-30,178.62225341796875
2017-10-31,178.81094360351562
2017-11-01,181.3928985595703
2017-11-02,177.67886352539062
2017-11-03,177.67886352539062
2017-11-06,178.92019653320312
2017-11-07,178.99964904785156
2017-11-08,178.3144073486328
2017-11-09,178.05621337890625
2017-11-10,177.2220458984375
2017-11-13,177.52989196777344
2017-11-14,176.83477783203125
2017-11-15,176.715576171875
2017-11-16,178.34420776367188
2017-11-17,177.75830078125
2017-11-20,177.50010681152344
2017-11-21,180.59844970703125
2017-11-22,179.6153106689453
2017-11-24,181.51210021972656
2017-11-27,181.7603454589844
2017-11-28,181.1545867919922
2017-11-29,173.91514587402344
2017-11-30,175.95091247558594
2017-12-01,173.88539123535156
2017-12-04,170.28053283691406
2017-12-05,171.63108825683594
2017-12-06,174.83868408203125
2017-12-07,178.890380859375
2017-12-08,177.75830078125
2017-12-11,177.79800415039062
2017-12-12,175.7324676513672
2017-12-13,177.06317138671875
2017-12-14,177.1525421142578
2017-12-15,178.9300994873047
2017-12-18,179.565673828125
2017-12-19,178.26475524902344
2017-12-20,176.65599060058594
2017-12-21,176.21905517578125
2017-12-22,175.9707794189453
2017-12-26,174.7691650390625
2017-12-27,176.3878936767578
2017-12-28,176.685791015625
2017-12-29,175.23593139648438
2018-01-02,180.16151428222656
2018-01-03,183.38897705078125
2018-01-04,183.0513458251953
2018-01-05,185.55386352539065
2018-01-08,186.97393798828125
2018-01-09,186.56675720214844
2018-01-10,186.5369873046875
2018-01-11,186.46746826171875
2018-01-12,178.12574768066406
2018-01-16,177.1525421142578
2018-01-17,176.36802673339844
2018-01-18,178.55276489257812
2018-01-19,180.0324249267578
2018-01-22,184.08409118652344
2018-01-23,188.03651428222656
2018-01-24,185.25592041015625
2018-01-25,186.1794586181641
2018-01-26,188.6820068359375
2018-01-29,184.68988037109372
2018-01-30,185.82199096679688
2018-01-31,185.59356689453125
2018-02-01,191.7505645751953
2018-02-02,188.96006774902344
2018-02-05,180.0026397705078
2018-02-06,184.02452087402344
2018-02-07,178.9300994873047
2018-02-08,170.38978576660156
2018-02-09,174.8883514404297
2018-02-12,175.18626403808594
2018-02-13,171.94886779785156
2018-02-14,178.27468872070312
2018-02-15,178.71163940429688
2018-02-16,176.1296844482422
2018-02-20,174.78904724121094
2018-02-21,176.6758575439453
2018-02-22,177.7483673095703
2018-02-23,182.0185546875
2018-02-26,183.6471710205078
2018-02-27,180.20123291015625
2018-02-28,177.0830535888672
2018-03-01,174.71954345703125
2018-03-02,175.39480590820312
2018-03-05,179.14859008789062
2018-03-06,178.5328826904297
2018-03-07,182.43565368652344
2018-03-08,181.0751190185547
2018-03-09,183.945068359375
2018-03-12,183.47833251953125
2018-03-13,180.6183319091797
2018-03-14,182.9123077392578
2018-03-15,182.5846099853516
2018-03-16,183.8060607910156
2018-03-19,171.36297607421875
2018-03-20,166.9835662841797
2018-03-21,168.21498107910156
2018-03-22,163.7461700439453
2018-03-23,158.28433227539062
2018-03-26,158.94970703125
2018-03-27,151.16407775878906
2018-03-28,151.9684600830078
2018-03-29,158.6815643310547
2018-04-02,154.3120880126953
2018-04-03,155.02708435058594
2018-04-04,154.0240936279297
2018-04-05,158.23468017578125
2018-04-06,156.10952758789062
2018-04-09,156.83445739746094
2018-04-10,163.89515686035156
2018-04-11,165.166259765625
2018-04-12,162.73324584960938
2018-04-13,163.37875366210938
2018-04-16,163.68658447265625
2018-04-17,167.4900360107422
2018-04-18,165.20596313476562
2018-04-19,166.9339141845703
2018-04-20,165.12652587890625
2018-04-23,164.68959045410156
2018-04-24,158.58224487304688
2018-04-25,158.58224487304688
2018-04-26,172.95188903808594
2018-04-27,172.38580322265625
2018-04-30,170.80685424804688
2018-05-01,172.65396118164062
2018-05-02,174.84861755371094
2018-05-03,172.8128204345703
2018-05-04,175.38487243652344
2018-05-07,176.7354278564453
2018-05-08,177.67886352539062
2018-05-09,181.3928985595703
2018-05-10,184.24301147460935
2018-05-11,185.69288635253903
2018-05-14,185.3453063964844
2018-05-15,183.04139709472656
2018-05-16,181.9291534423828
2018-05-17,182.48529052734372
2018-05-18,181.4127655029297
2018-05-21,183.2102203369141
2018-05-22,182.52500915527344
2018-05-23,185.6035003662109
2018-05-24,184.6402130126953
2018-05-25,183.63722229003903
2018-05-29,184.45155334472656
2018-05-30,186.3681640625
2018-05-31,190.44964599609372
2018-06-01,192.6443328857422
2018-06-04,191.93923950195312
2018-06-05,191.6016082763672
2018-06-06,190.0126953125
2018-06-07,186.87461853027344
2018-06-08,187.78823852539065
2018-06-11,190.2113342285156
2018-06-12,191.0653381347656
2018-06-13,191.0752868652344
2018-06-14,195.44476318359372
2018-06-15,194.4914093017578
2018-06-18,196.9343414306641
2018-06-19,196.12005615234372
2018-06-20,200.5987548828125
2018-06-21,200.10223388671875
2018-06-22,200.340576171875
2018-06-25,194.9879608154297
2018-06-26,197.6195526123047
2018-06-27,194.4814910888672
2018-06-28,194.8687896728516
2018-06-29,192.97201538085935
2018-07-02,195.99093627929688
2018-07-03,191.39306640625
2018-07-05,197.0733795166016
2018-07-06,201.82020568847656
2018-07-09,203.31976318359372
2018-07-10,202.1280670166016
2018-07-11,201.135009765625
2018-07-12,205.484619140625
2018-07-13,205.88185119628903
2018-07-16,205.79248046875
2018-07-17,208.5333404541016
2018-07-18,207.9076995849609
2018-07-19,206.64649963378903
2018-07-20,208.4836883544922
2018-07-23,209.4469451904297
2018-07-24,213.1808319091797
2018-07-25,215.99124145507807
2018-07-26,175.03732299804688
2018-07-27,173.67681884765625
2018-07-30,169.87338256835938
2018-07-31,171.3828125
2018-08-01,170.45928955078125
2018-08-02,175.1465606689453
2018-08-03,176.54676818847656
2018-08-06,184.40188598632807
2018-08-07,182.5349273681641
2018-08-08,183.8954162597656
2018-08-09,181.81993103027344
2018-08-10,179.00955200195312
2018-08-13,178.80104064941406
2018-08-14,179.85366821289062
2018-08-15,178.28463745117188
2018-08-16,173.48812866210938
2018-08-17,172.59437561035156
2018-08-20,171.30340576171875
2018-08-21,171.4225616455078
2018-08-22,172.43548583984375
2018-08-23,171.7006072998047
2018-08-24,173.43846130371094
2018-08-27,176.22900390625
2018-08-28,175.03732299804688
2018-08-29,174.67977905273438
2018-08-30,176.4077606201172
2018-08-31,174.51097106933594
2018-09-04,169.97268676757812
2018-09-05,166.02027893066406
2018-09-06,161.4025421142578
2018-09-07,161.9090118408203
2018-09-10,163.04110717773438
2018-09-11,164.78887939453125
2018-09-12,160.876220703125
2018-09-13,160.24069213867188
2018-09-14,161.1940155029297
2018-09-17,159.46609497070312
2018-09-18,159.1880340576172
2018-09-19,161.9288787841797
2018-09-20,164.8683319091797
2018-09-21,161.79978942871094
2018-09-24,164.26258850097656
2018-09-25,163.7660675048828
2018-09-26,165.79188537597656
2018-09-27,167.66879272460938
2018-09-28,163.31918334960938
2018-10-01,161.3131866455078
2018-10-02,158.22474670410156
2018-10-03,161.30325317382812
2018-10-04,157.74807739257812
2018-10-05,156.23863220214844
2018-10-08,156.1591796875
2018-10-09,156.8046417236328
2018-10-10,150.3298797607422
2018-10-11,152.28623962402344
2018-10-12,152.6735382080078
2018-10-15,152.45504760742188
2018-10-16,157.67855834960938
2018-10-17,158.3141326904297
2018-10-18,153.8453369140625
2018-10-19,152.9813690185547
2018-10-22,153.706298828125
2018-10-23,153.31903076171875
2018-10-24,145.02694702148438
2018-10-25,149.90286254882812
2018-10-26,144.361572265625
2018-10-29,141.10435485839844
2018-10-30,145.2056884765625
2018-10-31,150.73704528808594
2018-11-01,150.69732666015625
2018-11-02,149.3070526123047
2018-11-05,147.6486358642578
2018-11-06,148.89990234375
2018-11-07,150.47886657714844
2018-11-08,146.84423828125
2018-11-09,143.95445251464844
2018-11-12,140.5680694580078
2018-11-13,141.1738739013672
2018-11-14,143.2195587158203
2018-11-15,142.85214233398438
2018-11-16,138.5620880126953
2018-11-19,130.63746643066406
2018-11-20,131.51132202148438
2018-11-21,133.884765625
2018-11-23,130.8162078857422
2018-11-26,135.4339599609375
2018-11-27,134.0635223388672
2018-11-28,135.81130981445312
2018-11-29,137.718017578125
2018-11-30,139.63462829589844
2018-12-03,140.11129760742188
2018-12-04,136.97320556640625
2018-12-06,138.6614227294922
2018-12-07,136.4667510986328
2018-12-10,140.8660125732422
2018-12-11,141.0944061279297
2018-12-12,143.4976348876953
2018-12-13,144.00408935546875
2018-12-14,143.0606689453125
2018-12-17,139.21751403808594
2018-12-18,142.6634521484375
2018-12-19,132.31573486328125
2018-12-20,132.47463989257812
2018-12-21,124.08323669433594
2018-12-24,123.1994171142578
2018-12-26,133.24920654296875
2018-12-27,133.5868682861328
2018-12-28,132.27601623535156
2018-12-31,130.1806640625
2019-01-02,134.7388153076172
2019-01-03,130.82614135742188
2019-01-04,136.99307250976562
2019-01-07,137.0923614501953
2019-01-08,141.54129028320312
2019-01-09,143.22950744628906
2019-01-10,143.19969177246094
2019-01-11,142.80247497558594
2019-01-14,144.38143920898438
2019-01-15,147.91673278808594
2019-01-16,146.5165252685547
2019-01-17,147.2712860107422
2019-01-18,148.9991912841797
2019-01-22,146.54632568359375
2019-01-23,143.29901123046875
2019-01-24,144.8184051513672
2019-01-25,147.97633361816406
2019-01-28,146.44700622558594
2019-01-29,143.18975830078125
2019-01-30,149.3765869140625
2019-01-31,165.53369140625
2019-02-01,164.56048583984375
2019-02-04,168.07594299316406
2019-02-05,169.97268676757812
2019-02-06,169.30735778808594
2019-02-07,165.225830078125
2019-02-08,166.16925048828125
2019-02-11,164.6399383544922
2019-02-12,163.89515686035156
2019-02-13,162.93186950683594
2019-02-14,162.81268310546875
2019-02-15,161.3727569580078
2019-02-19,161.16421508789062
2019-02-20,161.43234252929688
2019-02-21,158.92984008789062
2019-02-22,160.76698303222656
2019-02-25,163.47805786132812
2019-02-26,162.99147033691406
2019-02-27,161.68060302734375
2019-02-28,160.3300323486328
2019-03-01,161.15426635742188
2019-03-04,166.20895385742188
2019-03-05,170.07199096679688
2019-03-06,171.3133087158203
2019-03-07,167.95677185058594
2019-03-08,168.4235076904297
2019-03-11,170.87637329101562
2019-03-12,170.72738647460938
2019-03-13,172.1673583984375
2019-03-14,168.9895477294922
2019-03-15,164.82862854003906
2019-03-18,159.35684204101562
2019-03-19,160.44918823242188
2019-03-20,164.2923583984375
2019-03-21,164.92791748046875
2019-03-22,163.20001220703125
2019-03-25,165.136474609375
2019-03-26,166.51683044433594
2019-03-27,164.71937561035156
2019-03-28,164.401611328125
2019-03-29,165.53369140625
2019-04-01,167.5297393798828
2019-04-02,172.99159240722656
2019-04-03,172.33616638183594
2019-04-04,174.79898071289062
2019-04-05,174.5010528564453
2019-04-08,173.71652221679688
2019-04-09,176.34815979003906
2019-04-10,176.58648681640625
2019-04-11,176.2786407470703
2019-04-12,177.8576202392578
2019-04-15,178.40379333496094
2019-04-16,177.6291961669922
2019-04-17,177.53981018066406
2019-04-18,177.04330444335938
2019-04-22,180.1813507080078
2019-04-23,182.5051422119141
2019-04-24,181.3134613037109
2019-04-25,191.9193878173828
2019-04-26,190.16165161132807
2019-04-29,193.4288330078125
2019-04-30,192.05841064453125
2019-05-01,191.6909637451172
2019-05-02,191.1944274902344
2019-05-03,194.1140594482422
2019-05-06,192.53509521484372
2019-05-07,188.45358276367188
2019-05-08,188.2251892089844
2019-05-09,187.3413543701172
2019-05-10,187.03350830078125
2019-05-13,180.2806701660156
2019-05-14,179.47630310058594
2019-05-15,184.97789001464844
2019-05-16,185.69288635253903
2019-05-17,184.01458740234372
2019-05-20,181.4525146484375
2019-05-21,183.5379180908203
2019-05-22,184.0344696044922
2019-05-23,179.6153106689453
2019-05-24,179.8040008544922
2019-05-28,183.031494140625
2019-05-29,180.9261932373047
2019-05-30,181.740478515625
2019-05-31,176.23890686035156
2019-06-03,163.01129150390625
2019-06-04,166.3380584716797
2019-06-05,167.00344848632812
2019-06-06,167.16232299804688
2019-06-07,172.14749145507812
2019-06-10,173.6072998046875
2019-06-11,176.86456298828125
2019-06-12,173.82577514648438
2019-06-13,176.23890686035156
2019-06-14,180.07215881347656
2019-06-17,187.6988525390625
2019-06-18,187.16262817382807
2019-06-19,186.1794586181641
2019-06-20,188.2152557373047
2019-06-21,189.8141021728516
2019-06-24,191.2639617919922
2019-06-25,187.5300445556641
2019-06-26,186.3582305908203
2019-06-27,188.1854705810547
2019-06-28,191.6612091064453
2019-07-01,191.6612091064453
2019-07-02,193.64730834960935
2019-07-03,195.83204650878903
2019-07-05,195.03759765625
2019-07-08,194.4020233154297
2019-07-09,197.8281097412109
2019-07-10,201.32369995117188
2019-07-11,199.83409118652344
2019-07-12,203.4488525390625
2019-07-15,202.49549865722656
2019-07-16,202.4259796142578
2019-07-17,200.40017700195312
2019-07-18,199.38722229003903
2019-07-19,196.98399353027344
2019-07-22,200.91653442382807
2019-07-23,200.95626831054688
2019-07-24,203.2403259277344
2019-07-25,199.3177032470703
2019-07-26,198.3643798828125
2019-07-29,194.58078002929688
2019-07-30,195.6731719970703
2019-07-31,192.88265991210935
2019-08-01,191.39306640625
2019-08-02,187.7088165283203
2019-08-05,180.46934509277344
2019-08-06,183.23008728027344
2019-08-07,183.8656311035156
2019-08-08,188.8408966064453
2019-08-09,186.54690551757807
2019-08-12,184.08409118652344
2019-08-13,187.14276123046875
2019-08-14,178.46337890625
2019-08-15,181.32342529296875
2019-08-16,182.4256896972656
2019-08-19,184.8785552978516
2019-08-20,182.5349273681641
2019-08-21,182.27674865722656
2019-08-22,180.7772216796875
2019-08-23,176.5169677734375
2019-08-26,179.10885620117188
2019-08-27,180.04234313964844
2019-08-28,180.4991455078125
2019-08-29,184.28271484375
2019-08-30,184.38201904296875
2019-09-03,181.12478637695312
2019-09-04,185.84185791015625
2019-09-05,189.5757598876953
2019-09-06,186.1894073486328
2019-09-09,187.45057678222656
2019-09-10,184.8785552978516
2019-09-11,187.1824493408203
2019-09-12,186.1695556640625
2019-09-13,185.8914794921875
2019-09-16,184.92822265625
2019-09-17,186.7752990722656
2019-09-18,186.83489990234372
2019-09-19,188.82101440429688
2019-09-20,188.61248779296875
2019-09-23,185.52407836914065
2019-09-24,180.02249145507812
2019-09-25,181.53192138671875
2019-09-26,178.860595703125
2019-09-27,175.8715057373047
2019-09-30,176.8446807861328
2019-10-01,174.59042358398438
2019-10-02,173.3888397216797
2019-10-03,178.1356658935547
2019-10-04,179.1982421875
2019-10-07,178.4335479736328
2019-10-08,176.5169677734375
2019-10-09,178.6024169921875
2019-10-10,178.78115844726562
2019-10-11,182.9123077392578
2019-10-14,182.00860595703125
2019-10-15,187.5796661376953
2019-10-16,188.2351226806641
2019-10-17,189.06927490234372
2019-10-18,184.56077575683597
2019-10-21,188.4436798095703
2019-10-22,181.0751190185547
2019-10-23,184.85867309570312
2019-10-24,185.08712768554688
2019-10-25,186.5866241455078
2019-10-28,188.086181640625
2019-10-29,187.9967803955078
2019-10-30,186.94412231445312
2019-10-31,190.32054138183597
2019-11-01,192.27687072753903
2019-11-04,193.36924743652344
2019-11-05,192.97201538085935
2019-11-06,190.2212371826172
2019-11-07,189.09909057617188
2019-11-08,189.5161895751953
2019-11-11,188.294677734375
2019-11-12,193.1210021972656
2019-11-13,191.849853515625
2019-11-14,191.8101501464844
2019-11-15,193.74661254882807
2019-11-18,196.0306701660156
2019-11-19,197.9373321533203
2019-11-20,196.139892578125
2019-11-21,196.55697631835935
2019-11-22,197.4408264160156
2019-11-25,198.4040679931641
2019-11-26,197.5897674560547
2019-11-27,200.5987548828125
2019-11-29,200.2412567138672
2019-12-02,198.314697265625
2019-12-03,197.4408264160156
2019-12-04,197.33160400390625
2019-12-05,197.97706604003903
2019-12-06,199.65533447265625
2019-12-09,199.94332885742188
2019-12-10,199.47659301757807
2019-12-11,200.85694885253903
2019-12-12,195.3851776123047
2019-12-13,192.7635040283203
2019-12-16,196.54705810546875
2019-12-17,197.01377868652344
2019-12-18,201.09527587890625
2019-12-19,204.63059997558597
2019-12-20,204.8689117431641
2019-12-23,204.74974060058597
2019-12-24,203.6970977783203
2019-12-26,206.34860229492188
2019-12-27,206.65643310546875
2019-12-30,202.99203491210935
2019-12-31,203.82620239257807
2020-01-02,208.3247833251953
2020-01-03,207.2224884033203
2020-01-06,211.12522888183597
2020-01-07,211.58204650878903
2020-01-08,213.72705078125
2020-01-09,216.7856903076172
2020-01-10,216.54733276367188
2020-01-13,220.37066650390625
2020-01-14,217.5404052734375
2020-01-15,219.61590576171875
2020-01-16,220.2316131591797
2020-01-17,220.5990295410156
2020-01-21,219.90391540527344
2020-01-22,219.78472900390625
2020-01-23,218.2355499267578
2020-01-24,216.42819213867188
2020-01-27,213.3794708251953
2020-01-28,216.2792205810547
2020-01-29,221.68148803710935
2020-01-30,208.07650756835935
2020-01-31,200.50938415527344
2020-02-03,202.7735595703125
2020-02-04,208.37445068359372
2020-02-05,208.65252685546875
2020-02-06,209.38739013671875
2020-02-07,210.8570709228516
2020-02-10,211.58204650878903
2020-02-11,205.75274658203125
2020-02-12,209.29795837402344
2020-02-13,211.66146850585935
2020-02-14,212.6942596435547
2020-02-18,216.28916931152344
2020-02-19,215.98130798339844
2020-02-20,213.09149169921875
2020-02-21,208.72201538085935
2020-02-24,199.32763671875
2020-02-25,195.4050445556641
2020-02-26,195.83204650878903
2020-02-27,188.4337310791016
2020-02-28,191.13487243652344
2020-03-02,195.0773162841797
2020-03-03,184.6004943847656
2020-03-04,190.4297637939453
2020-03-05,183.8855133056641
2020-03-06,179.8338165283203
2020-03-09,168.32421875
2020-03-10,176.95394897460938
2020-03-11,169.05906677246094
2020-03-12,153.39846801757812
2020-03-13,169.0988006591797
2020-03-16,144.99713134765625
2020-03-17,148.38351440429688
2020-03-18,145.94056701660156
2020-03-19,152.06776428222656
2020-03-20,148.69131469726562
2020-03-23,147.07266235351562
2020-03-24,159.86331176757812
2020-03-25,155.12640380859375
2020-03-26,162.2069549560547
2020-03-27,155.70237731933594
2020-03-30,164.798828125
2020-03-31,165.64292907714844
2020-04-01,158.49288940429688
2020-04-02,157.0926513671875
2020-04-03,153.1104736328125
2020-04-06,164.401611328125
2020-04-07,167.65882873535156
2020-04-08,173.07102966308594
2020-04-09,173.9747314453125
2020-04-13,173.57748413085938
2020-04-14,176.93406677246094
2020-04-15,175.74237060546875
2020-04-16,175.02737426757812
2020-04-17,177.99664306640625
2020-04-20,177.00360107421875
2020-04-21,169.6151885986328
2020-04-22,181.0155487060547
2020-04-23,183.8457794189453
2020-04-24,188.7515411376953
2020-04-27,186.1993560791016
2020-04-28,181.6411895751953
2020-04-29,192.8429412841797
2020-04-30,203.2899475097656
2020-05-01,200.8668670654297
2020-05-04,203.8361358642578
2020-05-05,205.6335906982422
2020-05-06,207.0238800048828
2020-05-07,209.79449462890625
2020-05-08,210.876953125
2020-05-11,211.70120239257807
2020-05-12,208.6425628662109
2020-05-13,203.67724609375
2020-05-14,205.3753967285156
2020-05-15,209.41717529296875
2020-05-18,211.71112060546875
2020-05-19,215.37554931640625
2020-05-20,228.37472534179688
2020-05-21,229.78488159179688
2020-05-22,233.28045654296875
2020-05-26,230.5892639160156
2020-05-27,227.55047607421875
2020-05-28,223.89602661132807
2020-05-29,223.528564453125
2020-06-01,230.30128479003903
2020-06-02,231.10565185546875
2020-06-03,228.56341552734372
2020-06-04,224.72024536132807
2020-06-05,229.16917419433597
2020-06-08,229.7947998046875
2020-06-09,237.01438903808597
2020-06-10,235.08782958984372
2020-06-11,222.8731384277344
2020-06-12,226.99436950683597
2020-06-15,230.88717651367188
2020-06-16,234.0153350830078
2020-06-17,233.8961639404297
2020-06-18,234.30332946777344
2020-06-19,237.13352966308597
2020-06-22,237.56056213378903
2020-06-23,240.55963134765625
2020-06-24,232.39663696289065
2020-06-25,234.04510498046875
2020-06-26,214.58108520507807
2020-06-29,219.1094512939453
2020-06-30,225.49484252929688
2020-07-01,235.9021453857422
2020-07-02,231.80078125
2020-07-06,238.61322021484372
2020-07-07,239.189208984375
2020-07-08,241.89031982421875
2020-07-09,242.80392456054688
2020-07-10,243.3699951171875
2020-07-13,237.34210205078125
2020-07-14,238.06700134277344
2020-07-15,238.61322021484372
2020-07-16,239.2586975097656
2020-07-17,240.3510589599609
2020-07-20,243.7175445556641
2020-07-21,240.072998046875
2020-07-22,238.20602416992188
2020-07-23,230.9864959716797
2020-07-24,229.10958862304688
2020-07-27,231.8802490234375
2020-07-28,228.5236968994141
2020-07-29,231.67169189453125
2020-07-30,232.8733062744141
2020-07-31,251.91030883789065
2020-08-03,250.2122039794922
2020-08-04,248.0969696044922
2020-08-05,247.39187622070312
2020-08-06,263.43975830078125
2020-08-07,266.577880859375
2020-08-10,261.1755676269531
2020-08-11,254.353271484375
2020-08-12,258.0871887207031
2020-08-13,259.48736572265625
2020-08-14,259.42779541015625
2020-08-17,259.3483581542969
2020-08-18,260.52020263671875
2020-08-19,260.7684326171875
2020-08-20,267.1439514160156
2020-08-21,265.1578063964844
2020-08-24,269.5074157714844
2020-08-25,278.8720092773437
2020-08-26,301.80181884765625
2020-08-27,291.1859741210937
2020-08-28,291.62286376953125
2020-08-31,291.1661071777344
2020-09-01,293.3905639648437
2020-09-02,300.4015808105469
2020-09-03,289.1005249023437
2020-09-04,280.76873779296875
2020-09-08,269.27899169921875
2020-09-09,271.8212890625
2020-09-10,266.2302551269531
2020-09-11,264.7605285644531
2020-09-14,264.3037414550781
2020-09-15,270.5302734375
2020-09-16,261.6919860839844
2020-09-17,253.05235290527344
2020-09-18,250.7782287597656
2020-09-21,246.4286193847656
2020-09-22,252.9828186035156
2020-09-23,247.29258728027344
2020-09-24,247.79905700683597
2020-09-25,253.05235290527344
2020-09-28,255.03846740722656
2020-09-29,259.9739685058594
2020-09-30,260.08319091796875
2020-10-01,264.7804260253906
2020-10-02,258.1368713378906
2020-10-05,262.8141784667969
2020-10-06,256.86578369140625
2020-10-07,256.32940673828125
2020-10-08,261.9303283691406
2020-10-09,262.61553955078125
2020-10-12,273.837158203125
2020-10-13,274.22442626953125
2020-10-14,269.9344177246094
2020-10-15,264.8698425292969
2020-10-16,264.0852966308594
2020-10-19,259.5867004394531
2020-10-20,265.7039489746094
2020-10-21,276.7965087890625
2020-10-22,276.1907043457031
2020-10-23,282.8144226074219
2020-10-26,275.1877136230469
2020-10-27,281.3248596191406
2020-10-28,265.813232421875
2020-10-29,278.8819274902344
2020-10-30,261.28485107421875
2020-11-02,259.5469665527344
2020-11-03,263.45965576171875
2020-11-04,285.386474609375
2020-11-05,292.6358337402344
2020-11-06,291.3746643066406
2020-11-09,276.8362121582031
2020-11-10,270.54022216796875
2020-11-11,274.56207275390625
2020-11-12,273.1718444824219
2020-11-13,275.0289001464844
2020-11-16,277.0248718261719
2020-11-17,273.0924072265625
2020-11-18,270.0834045410156
2020-11-19,271.0466613769531
2020-11-20,267.8291320800781
2020-11-23,266.56793212890625
2020-11-24,274.9990234375
2020-11-25,273.6782531738281
2020-11-27,275.88287353515625
2020-11-30,275.0486755371094
2020-12-01,284.5622253417969
2020-12-02,285.5254821777344
2020-12-03,279.89483642578125
2020-12-04,277.759765625
2020-12-07,283.59893798828125
2020-12-08,281.43408203125
2020-12-09,275.9921264648437
2020-12-10,275.1976623535156
2020-12-11,271.6523742675781
2020-12-14,272.2879943847656
2020-12-15,273.6385498046875
2020-12-16,273.7577514648437
2020-12-17,272.5760192871094
2020-12-18,274.4826354980469
2020-12-21,270.897705078125
2020-12-22,265.2372436523437
2020-12-23,266.25018310546875
2020-12-24,265.54510498046875
2020-12-28,275.0784912109375
2020-12-29,274.8599853515625
2020-12-30,269.98406982421875
2020-12-31,271.26513671875
2021-01-04,267.0744323730469
2021-01-05,269.0902709960937
2021-01-06,261.4834289550781
2021-01-07,266.87579345703125
2021-01-08,265.7138977050781
2021-01-11,255.058349609375
2021-01-12,249.34820556640625
2021-01-13,249.89442443847656
2021-01-14,243.9360198974609
2021-01-15,249.61636352539065
2021-01-19,259.2887878417969
2021-01-20,265.62451171875
2021-01-21,270.97711181640625
2021-01-22,272.5958557128906
2021-01-25,276.0814819335937
2021-01-26,280.09344482421875
2021-01-27,270.252197265625
2021-01-28,263.1617431640625
2021-01-29,256.5379943847656
2021-02-01,260.1925354003906
2021-02-02,265.2273254394531
2021-02-03,264.80029296875
2021-02-04,264.6413879394531
2021-02-05,266.240234375
2021-02-08,264.730712890625
2021-02-09,267.58087158203125
2021-02-10,269.98406982421875
2021-02-11,268.5143737792969
2021-02-12,268.62359619140625
2021-02-16,272.0694885253906
2021-02-17,271.6723022460937
2021-02-18,267.52130126953125
2021-02-19,259.74560546875
2021-02-22,258.5240783691406
2021-02-23,264.0157165527344
2021-02-24,262.4765014648437
2021-02-25,252.9232482910156
2021-02-26,255.8329315185547
2021-03-01,263.07232666015625
2021-03-02,257.203369140625
2021-03-03,253.6382751464844
2021-03-04,255.852783203125
2021-03-05,262.4467468261719
2021-03-08,253.53895568847656
2021-03-09,263.8965759277344
2021-03-10,263.0624084472656
2021-03-11,271.9801940917969
2021-03-12,266.53814697265625
2021-03-15,271.8510437011719
2021-03-16,277.3426208496094
2021-03-17,282.0398864746094
2021-03-18,276.687255859375
2021-03-19,288.0975036621094
2021-03-22,291.5037536621094
2021-03-23,288.6139221191406
2021-03-24,280.182861328125
2021-03-25,276.806396484375
2021-03-26,281.0567321777344
2021-03-29,288.8026123046875
2021-03-30,286.0021667480469
2021-03-31,292.48687744140625
2021-04-01,296.58819580078125
2021-04-05,306.7671203613281
2021-04-06,304.1355285644531
2021-04-07,310.91815185546875
2021-04-08,310.8486328125
2021-04-09,310.29248046875
2021-04-12,309.37890625
2021-04-13,307.6112365722656
2021-04-14,300.7193908691406
2021-04-15,305.6847229003906
2021-04-16,304.0560913085937
2021-04-19,300.1434020996094
2021-04-20,300.550537109375
2021-04-21,299.3787841796875
2021-04-22,294.46307373046875
2021-04-23,299.04107666015625
2021-04-26,300.9378662109375
2021-04-27,301.4642028808594
2021-04-28,304.9696960449219
2021-04-29,327.2242431640625
2021-04-30,322.8249816894531
2021-05-03,320.3423156738281
2021-05-04,316.1515808105469
2021-05-05,312.8347473144531
2021-05-06,317.8000183105469
2021-05-07,316.8666076660156
2021-05-10,303.8475341796875
2021-05-11,304.40362548828125
2021-05-12,300.45123291015625
2021-05-13,303.1424255371094
2021-05-14,313.7483825683594
2021-05-17,313.27166748046875
2021-05-18,307.809814453125
2021-05-19,311.4146423339844
2021-05-20,316.3998413085937
2021-05-21,314.0363464355469
2021-05-24,322.3780822753906
2021-05-25,325.51617431640625
2021-05-26,325.38702392578125
2021-05-27,330.4418029785156
2021-05-28,326.4496459960937
2021-06-01,326.84686279296875
2021-06-02,326.8667297363281
2021-06-03,323.7783508300781
2021-06-04,328.05841064453125
2021-06-07,334.24517822265625
2021-06-08,331.3653259277344
2021-06-09,327.9590759277344
2021-06-10,330.1537780761719
2021-06-11,328.96209716796875
2021-06-14,334.4338684082031
2021-06-15,334.4140625
2021-06-16,328.7833251953125
2021-06-17,334.1756896972656
2021-06-18,327.3731689453125
2021-06-21,329.9849548339844
2021-06-22,336.67822265625
2021-06-23,338.22735595703125
2021-06-24,340.7994079589844
2021-06-25,339.0019836425781
2021-06-28,353.1729736328125
2021-06-29,349.4489440917969
2021-06-30,345.2979736328125
2021-07-01,351.9316711425781
2021-07-02,352.239501953125
2021-07-06,350.3327941894531
2021-07-07,348.0586853027344
2021-07-08,343.25225830078125
2021-07-09,347.9891967773437
2021-07-12,350.710205078125
2021-07-13,349.6475830078125
2021-07-14,345.218505859375
2021-07-15,342.0705261230469
2021-07-16,338.7934265136719
2021-07-19,334.61260986328125
2021-07-20,339.2899780273437
2021-07-21,343.8282775878906
2021-07-22,348.7538146972656
2021-07-23,367.2248229980469
2021-07-26,369.8762512207031
2021-07-27,365.258544921875
2021-07-28,370.6906127929688
2021-07-29,355.8343505859375
2021-07-30,353.82843017578125
2021-08-02,349.508544921875
2021-08-03,348.80352783203125
2021-08-04,356.4302673339844
2021-08-05,360.4521789550781
2021-08-06,360.9884033203125
2021-08-09,359.1015625
2021-08-10,358.6248779296875
2021-08-11,357.4629821777344
2021-08-12,360.13433837890625
2021-08-13,360.6606750488281
2021-08-16,364.0172119140625
2021-08-17,355.9635009765625
2021-08-18,352.9842834472656
2021-08-19,352.65655517578125
2021-08-20,356.8771057128906
2021-08-23,360.8294982910156
2021-08-24,362.9744873046875
2021-08-25,365.8345336914063
2021-08-26,361.8523864746094
2021-08-27,370.045166015625
2021-08-30,378.0194091796875
2021-08-31,376.7482604980469
2021-09-01,379.3997497558594
2021-09-02,372.6767272949219
2021-09-03,373.6499328613281
2021-09-07,379.5288696289063
2021-09-08,374.9508666992188
2021-09-09,375.3779296875
2021-09-10,376.0630798339844
2021-09-13,373.898193359375
2021-09-14,373.91802978515625
2021-09-15,371.326171875
2021-09-16,370.4721374511719
2021-09-17,362.1900024414063
2021-09-20,353.2325744628906
2021-09-21,355.0002136230469
2021-09-22,340.82916259765625
2021-09-23,343.56011962890625
2021-09-24,350.5115966796875
2021-09-27,351.12725830078125
2021-09-28,338.2869567871094
2021-09-29,337.254150390625
2021-09-30,337.03564453125
2021-10-01,340.630615234375
2021-10-04,323.96697998046875
2021-10-05,330.6502990722656
2021-10-06,331.3255920410156
2021-10-07,326.936279296875
2021-10-08,327.7605285644531
2021-10-11,323.1923828125
2021-10-12,321.5240173339844
2021-10-13,322.28875732421875
2021-10-14,326.2510070800781
2021-10-15,322.5072021484375
2021-10-18,333.0137634277344
2021-10-19,337.63153076171875
2021-10-20,338.41607666015625
2021-10-21,339.5084533691406
2021-10-22,322.35821533203125
2021-10-25,326.409912109375
2021-10-26,313.6192932128906
2021-10-27,310.0541687011719
2021-10-28,314.7216186523437
2021-10-29,321.32550048828125
2021-11-01,327.6910095214844
2021-11-02,325.8041381835937
2021-11-03,329.3196105957031
2021-11-04,333.5202941894531
2021-11-05,338.763671875
2021-11-08,336.27105712890625
2021-11-09,333.0435791015625
2021-11-10,325.3672180175781
2021-11-11,325.46649169921875
2021-11-12,338.5253295898437
2021-11-15,345.1490173339844
2021-11-16,340.5809326171875
2021-11-17,338.4060974121094
2021-11-18,336.340576171875
2021-11-19,342.9046630859375
2021-11-22,338.6445007324219
2021-11-23,334.9104919433594
2021-11-24,338.6941223144531
2021-11-26,330.8091735839844
2021-11-29,335.68511962890625
2021-11-30,322.209228515625
2021-12-01,308.4454345703125
2021-12-02,308.2369079589844
2021-12-03,304.71148681640625
2021-12-06,315.6649780273437
2021-12-07,320.5707397460937
2021-12-08,328.26690673828125
2021-12-09,327.5321350097656
2021-12-10,327.46258544921875
2021-12-13,332.169677734375
2021-12-14,331.42486572265625
2021-12-15,339.2899780273437
2021-12-16,332.57684326171875
2021-12-17,331.4745788574219
2021-12-20,323.1923828125
2021-12-21,331.8816833496094
2021-12-22,328.15771484375
2021-12-23,332.9144897460937
2021-12-27,343.7785339355469
2021-12-28,343.8182983398437
2021-12-29,340.5610656738281
2021-12-30,341.97119140625
2021-12-31,334.01678466796875
2022-01-03,336.191650390625
2022-01-04,334.195556640625
2022-01-05,321.9212951660156
2022-01-06,330.1537780761719
2022-01-07,329.4884033203125
2022-01-10,325.79425048828125
2022-01-11,332.050537109375
2022-01-12,330.9482421875
2022-01-13,324.2152709960937
2022-01-14,329.59765625
2022-01-18,315.9429931640625
2022-01-19,317.3729858398437
2022-01-20,314.36407470703125
2022-01-21,301.0669250488281
2022-01-24,306.56854248046875
2022-01-25,298.0679016113281
2022-01-26,292.5862121582031
2022-01-27,292.5961303710937
2022-01-28,299.6170349121094
2022-01-31,311.08697509765625
2022-02-01,316.7871398925781
2022-02-02,320.7593994140625
2022-02-03,236.11068725585935
2022-02-04,235.44534301757807
2022-02-07,223.34982299804688
2022-02-08,218.6526336669922
2022-02-09,230.39064025878903
2022-02-10,226.4879150390625
2022-02-11,218.0270233154297
2022-02-14,216.18983459472656
2022-02-15,219.4669342041016
2022-02-16,215.03790283203125
2022-02-17,206.26914978027344
2022-02-18,204.7299041748047
2022-02-22,200.6782073974609
2022-02-23,197.0733795166016
2022-02-24,206.159912109375
2022-02-25,209.01991271972656
2022-02-28,209.5661163330078
2022-03-01,202.07843017578125
2022-03-02,206.66639709472656
2022-03-03,201.56202697753903
2022-03-04,198.67221069335935
2022-03-07,186.1695556640625
2022-03-08,188.969970703125
2022-03-09,197.123046875
2022-03-10,193.8558807373047
2022-03-11,186.30856323242188
2022-03-14,185.3353729248047
2022-03-15,190.69790649414065
2022-03-16,202.21743774414065
2022-03-17,206.39822387695312
2022-03-18,214.9882354736328
2022-03-21,210.02291870117188
2022-03-22,215.1471405029297
2022-03-23,211.97927856445312
2022-03-24,218.04690551757807
2022-03-25,220.28126525878903
2022-03-28,222.03900146484372
2022-03-29,228.26548767089844
2022-03-30,226.2694396972656
2022-03-31,220.8175201416016
2022-04-01,223.29025268554688
2022-04-04,232.26754760742188
2022-04-05,230.23175048828125
2022-04-06,221.75099182128903
2022-04-07,221.4034423828125
2022-04-08,220.78770446777344
2022-04-11,214.95846557617188
2022-04-12,212.6545562744141
2022-04-13,213.49864196777344
2022-04-14,208.72201538085935
2022-04-18,209.30795288085935
2022-04-19,215.8025360107422
2022-04-20,199.0297088623047
2022-04-21,186.7653961181641
2022-04-22,182.83285522460935
2022-04-25,185.69288635253903
2022-04-26,179.69476318359375
2022-04-27,173.73638916015625
2022-04-28,204.3028717041016
2022-04-29,199.07937622070312
2022-05-02,209.6654357910156
2022-05-03,210.55914306640625
2022-05-04,221.8602600097656
2022-05-05,206.83518981933597
2022-05-06,202.35646057128903
2022-05-09,194.84893798828125
2022-05-10,196.2789306640625
2022-05-11,187.4307556152344
2022-05-12,189.9134063720703
2022-05-13,197.2421875
2022-05-16,198.65234375
2022-05-17,201.2144470214844
2022-05-18,190.9064483642578
2022-05-19,189.9630584716797
2022-05-20,192.1974334716797
2022-05-23,194.8687896728516
2022-05-24,180.02249145507812
2022-05-25,182.5548095703125
2022-05-26,190.3006896972656
2022-05-27,193.7764129638672
2022-05-31,192.29673767089844
2022-06-01,187.33143615722656
2022-06-02,197.4805450439453
2022-06-03,189.4565887451172
2022-06-06,192.90252685546875
2022-06-07,194.29278564453125
2022-06-08,195.27593994140625
2022-06-09,182.7236175537109
2022-06-10,174.35211181640625
2022-06-13,163.12054443359375
2022-06-14,162.59422302246094
2022-06-15,168.17526245117188
2022-06-16,159.7540740966797
2022-06-17,162.6041717529297
2022-06-21,155.9605712890625
2022-06-22,154.76890563964844
2022-06-23,157.6487579345703
2022-06-24,168.9796142578125
2022-06-27,168.3142547607422
2022-06-28,159.56539916992188
2022-06-29,162.8027801513672
2022-06-30,160.13140869140625
2022-07-01,158.91989135742188
2022-07-05,167.02330017089844
2022-07-06,168.59234619140625
2022-07-07,170.9955596923828
2022-07-08,169.6946258544922
2022-07-11,161.75013732910156
2022-07-12,162.1374053955078
2022-07-13,162.3559112548828
2022-07-14,156.95362854003906
2022-07-15,163.55751037597656
2022-07-18,166.0699462890625
2022-07-19,174.56065368652344
2022-07-20,181.81993103027344
2022-07-21,181.89938354492188
2022-07-22,168.0958251953125
2022-07-25,165.49395751953125
2022-07-26,158.04598999023438
2022-07-27,168.40365600585938
2022-07-28,159.60511779785156
2022-07-29,157.99635314941406
2022-08-01,158.82057189941406
2022-08-02,159.07879638671875
2022-08-03,167.62905883789062
2022-08-04,169.38681030273438
2022-08-05,165.95079040527344
2022-08-08,169.0690155029297
2022-08-09,167.36093139648438
2022-08-10,177.10289001464844
2022-08-11,176.25877380371094
2022-08-12,179.24789428710938
2022-08-15,179.63519287109375
2022-08-16,178.22503662109375
2022-08-17,173.63710021972656
2022-08-18,173.4484100341797
2022-08-19,166.79489135742188
2022-08-22,161.91896057128906
2022-08-23,159.99240112304688
2022-08-24,162.1274871826172
2022-08-25,167.6091766357422
2022-08-26,160.6577606201172
2022-08-29,158.0658416748047
2022-08-30,156.06980895996094
2022-08-31,161.79978942871094
2022-09-01,164.21292114257812
2022-09-02,159.2078857421875
2022-09-06,157.44024658203125
2022-09-07,159.2773895263672
2022-09-08,160.93582153320312
2022-09-09,167.9766082763672
2022-09-12,167.78794860839844
2022-09-13,152.06776428222656
2022-09-14,150.41928100585938
2022-09-15,148.51260375976562
2022-09-16,145.2751922607422
2022-09-19,146.9932098388672
2022-09-20,145.07659912109375
2022-09-21,141.1341094970703
2022-09-22,141.82931518554688
2022-09-23,139.43600463867188
2022-09-26,135.4240264892578
2022-09-27,133.46766662597656
2022-09-28,140.62767028808594
2022-09-29,135.4637451171875
2022-09-30,134.7388153076172
2022-10-03,137.64849853515625
2022-10-04,139.30686950683594
2022-10-05,138.01589965820312
2022-10-06,138.1053009033203
2022-10-07,132.52427673339844
2022-10-10,132.86192321777344
2022-10-11,127.6483154296875
2022-10-12,126.61554718017578
2022-10-13,129.3861846923828
2022-10-14,125.88069152832033
2022-10-17,133.11016845703125
2022-10-18,131.87879943847656
2022-10-19,132.30580139160156
2022-10-20,130.61758422851562
2022-10-21,129.108154296875
2022-10-24,128.8201446533203
2022-10-25,136.5561065673828
2022-10-26,128.91946411132812
2022-10-27,97.26060485839844
2022-10-28,98.51185607910156
2022-10-31,92.51375579833984
2022-11-01,94.53961181640624
2022-11-02,89.91193389892578
2022-11-03,88.29324340820312
2022-11-04,90.1602020263672
2022-11-07,96.0490493774414
2022-11-08,95.8008041381836
2022-11-09,100.7661361694336
2022-11-10,111.0939712524414
2022-11-11,112.23599243164062
2022-11-14,113.42767333984376
2022-11-15,116.267822265625
2022-11-16,112.44454956054688
2022-11-17,110.6768798828125
2022-11-18,111.27273559570312
2022-11-21,109.09791564941406
2022-11-22,110.66695404052734
2022-11-23,111.46141052246094
2022-11-25,110.63716888427734
2022-11-28,108.0254135131836
2022-11-29,108.70068359375
2022-11-30,117.28076171875
2022-12-01,119.6045379638672
2022-12-02,122.63336944580078
2022-12-05,121.58071899414062
2022-12-06,113.32838439941406
2022-12-07,113.13968658447266
2022-12-08,114.52997589111328
2022-12-09,115.09600830078124
2022-12-12,113.91427612304688
2022-12-13,119.3165283203125
2022-12-14,120.74655151367188
2022-12-15,115.3442840576172
2022-12-16,118.6015396118164
2022-12-19,113.68588256835938
2022-12-20,116.27774810791016
2022-12-21,118.92925262451172
2022-12-22,116.30755615234376
2022-12-23,117.22117614746094
2022-12-27,116.06922149658205
2022-12-28,114.81795501708984
2022-12-29,119.42577362060548
2022-12-30,119.50521850585938
2023-01-03,123.87469482421876
2023-01-04,126.48645782470705
2023-01-05,126.05944061279295
2023-01-06,129.11805725097656
2023-01-09,128.57188415527344
2023-01-10,132.06748962402344
2023-01-11,131.9681396484375
2023-01-12,135.7616729736328
2023-01-13,136.02976989746094
2023-01-17,134.42103576660156
2023-01-18,132.09725952148438
2023-01-19,135.20553588867188
2023-01-20,138.4031982421875
2023-01-23,142.2761688232422
2023-01-24,142.14706420898438
2023-01-25,140.5184326171875
2023-01-26,146.27821350097656
2023-01-27,150.68740844726562
2023-01-30,146.03985595703125
2023-01-31,147.93661499023438
2023-02-01,152.05780029296875
2023-02-02,187.46055603027344
2023-02-03,185.23606872558597
2023-02-06,184.76931762695312
2023-02-07,190.2907257080078
2023-02-08,182.15757751464844
2023-02-09,176.685791015625
2023-02-10,172.94192504882812
2023-02-13,178.18531799316406
2023-02-14,178.23497009277344
2023-02-15,175.9310760498047
2023-02-16,171.2438201904297
2023-02-17,171.68077087402344
2023-02-21,170.8863067626953
2023-02-22,169.93295288085938
2023-02-23,170.84657287597656
2023-02-24,169.20803833007812
2023-02-27,168.36392211914062
2023-02-28,173.72647094726562
2023-03-01,172.2169952392578
2023-03-02,173.31932067871094
2023-03-03,183.9649200439453
2023-03-06,183.61737060546875
2023-03-07,183.23008728027344
2023-03-08,183.6868896484375
2023-03-09,180.42965698242188
2023-03-10,178.26475524902344
2023-03-13,179.64512634277344
2023-03-14,192.6741180419922
2023-03-15,196.3782196044922
2023-03-16,203.50840759277344
2023-03-17,194.2530975341797
2023-03-20,196.4378204345703
2023-03-21,200.7576446533203
2023-03-22,198.4239501953125
2023-03-23,202.86294555664065
2023-03-24,204.58094787597656
2023-03-27,201.43292236328125
2023-03-28,199.28790283203125
2023-03-29,203.925537109375
2023-03-30,206.39822387695312
2023-03-31,210.4698028564453
2023-04-03,211.59194946289065
2023-04-04,213.2305145263672
2023-04-05,210.0129852294922
2023-04-06,214.6009521484375
2023-04-10,213.26031494140625
2023-04-11,212.36654663085935
2023-04-12,212.51551818847656
2023-04-13,218.82147216796875
2023-04-14,219.95358276367188
2023-04-17,217.341796875
2023-04-18,216.37852478027344
2023-04-19,214.2037353515625
2023-04-20,211.59194946289065
2023-04-21,211.4132080078125
2023-04-24,211.3138885498047
2023-04-25,206.1102600097656
2023-04-26,207.94741821289065
2023-04-27,236.90512084960935
2023-04-28,238.6529541015625
2023-05-01,241.49310302734372
2023-05-02,237.5804443359375
2023-05-03,235.38575744628903
2023-05-04,231.90008544921875
2023-05-05,231.1652069091797
2023-05-08,231.65185546875
2023-05-09,231.7511444091797
2023-05-10,231.4631500244141
2023-05-11,234.15435791015625
2023-05-12,232.1881103515625
2023-05-15,237.2030792236328
2023-05-16,237.1633453369141
2023-05-17,240.8078765869141
2023-05-18,245.13763427734372
2023-05-19,243.9360198974609
2023-05-22,246.59744262695312
2023-05-23,245.0283966064453
2023-05-24,247.48129272460935
2023-05-25,250.9371337890625
2023-05-26,260.2222900390625
2023-05-30,260.6989440917969
2023-05-31,262.8836364746094
2023-06-01,270.7188720703125
2023-06-02,270.7188720703125
2023-06-05,269.5074157714844
2023-06-06,269.2392883300781
2023-06-07,261.771484375
2023-06-08,262.7446594238281
2023-06-09,263.112060546875
2023-06-12,269.16973876953125
2023-06-13,269.4378967285156
2023-06-14,271.453857421875
2023-06-15,279.8749389648437
2023-06-16,279.0507202148437
2023-06-20,282.35760498046875
2023-06-21,279.6863098144531
2023-06-22,282.90380859375
2023-06-23,286.7271423339844
2023-06-26,276.53826904296875
2023-06-27,285.05877685546875
2023-06-28,283.3110046386719
2023-06-29,279.5770568847656
2023-06-30,284.9892883300781
2023-07-03,284.03594970703125
2023-07-05,292.3279724121094
2023-07-06,289.9644470214844
2023-07-07,288.5146484375
2023-07-10,292.05987548828125
2023-07-11,296.2208251953125
2023-07-12,307.19415283203125
2023-07-13,311.23590087890625
2023-07-14,306.7274169921875
2023-07-17,308.4652709960937
2023-07-18,309.88531494140625
2023-07-19,313.8179016113281
2023-07-20,300.4214782714844
2023-07-21,292.21875
2023-07-24,289.5871276855469
2023-07-25,292.4273376464844
2023-07-26,296.49884033203125
2023-07-27,309.5476989746094
2023-07-28,323.22222900390625
2023-07-31,316.389892578125
2023-08-01,320.4714050292969
2023-08-02,312.129638671875
2023-08-03,311.0174560546875
2023-08-04,308.57452392578125
2023-08-07,314.36407470703125
2023-08-08,310.4712829589844
2023-08-09,303.0927734375
2023-08-10,303.619140625
2023-08-11,299.547607421875
2023-08-14,304.0660095214844
2023-08-15,299.85546875
2023-08-16,292.24859619140625
2023-08-17,283.1123962402344
2023-08-18,281.2851257324219
2023-08-21,287.8890380859375
2023-08-22,285.6049499511719
2023-08-23,292.1988830566406
2023-08-24,284.7608337402344
2023-08-25,283.51953125
2023-08-28,288.2465209960937
2023-08-29,295.9228820800781
2023-08-30,293.0528869628906
2023-08-31,293.83746337890625
2023-09-01,294.32403564453125
2023-09-05,298.0679016113281
2023-09-06,297.0946655273437
2023-09-07,296.59820556640625
2023-09-08,295.82354736328125
2023-09-11,305.426513671875
2023-09-12,299.56744384765625
2023-09-13,302.9438781738281
2023-09-14,309.5576171875
2023-09-15,298.226806640625
2023-09-18,300.45123291015625
2023-09-19,302.95379638671875
2023-09-20,297.5912475585937
2023-09-21,293.6786193847656
2023-09-22,297.0053405761719
2023-09-25,298.7431945800781
2023-09-26,296.8861389160156
2023-09-27,295.67462158203125
2023-09-28,301.8514404296875
2023-09-29,298.1274108886719
2023-10-02,304.691650390625
2023-10-03,298.8523864746094
2023-10-04,303.4601745605469
2023-10-05,302.6757507324219
2023-10-06,313.24188232421875
2023-10-09,316.1515808105469
2023-10-10,319.6074523925781
2023-10-11,325.5459899902344
2023-10-12,321.911376953125
2023-10-13,312.5070495605469
2023-10-16,318.9222106933594
2023-10-17,321.75244140625
2023-10-18,314.771240234375
2023-10-19,310.6400756835937
2023-10-20,306.5089416503906
2023-10-23,311.8317565917969
2023-10-24,310.3818359375
2023-10-25,297.4521789550781
2023-10-26,286.3497314453125
2023-10-27,294.6716613769531
2023-10-30,300.5605163574219
2023-10-31,299.1801147460937
2023-11-01,309.6867980957031
2023-11-02,308.7135009765625
2023-11-03,312.41766357421875
2023-11-06,313.6092834472656
2023-11-07,316.6083984375
2023-11-08,317.5616760253906
2023-11-09,318.3263244628906
2023-11-10,326.4893493652344
2023-11-13,326.9064636230469
2023-11-14,333.9770812988281
2023-11-15,330.402099609375
2023-11-16,331.871826171875
2023-11-17,332.7158508300781
2023-11-20,337.61163330078125
2023-11-21,334.6424560546875
2023-11-22,339.12109375
2023-11-24,335.8837585449219
2023-11-27,332.37823486328125
2023-11-28,336.6384582519531
2023-11-29,329.89556884765625
2023-11-30,324.8805847167969
2023-12-01,322.5667724609375
2023-12-04,317.8000183105469
2023-12-05,316.08209228515625
2023-12-06,315.2478942871094
2023-12-07,324.32452392578125
2023-12-08,330.4418029785156
2023-12-11,323.0235595703125
2023-12-12,331.9015808105469
2023-12-13,332.4179077148437
2023-12-14,330.8588562011719
2023-12-15,332.5967102050781
2023-12-18,342.2294311523437
2023-12-19,347.9295654296875
2023-12-20,346.8571472167969
2023-12-21,351.6337280273437
2023-12-22,350.9385681152344
2023-12-26,352.3685913085937
2023-12-27,355.3477783203125
2023-12-28,355.8343505859375
2023-12-29,351.5046081542969
2024-01-02,343.88787841796875
2024-01-03,342.0805053710937
2024-01-04,344.7120666503906
2024-01-05,349.508544921875
2024-01-08,356.17205810546875
2024-01-09,354.9505615234375
2024-01-10,367.9000549316406
2024-01-11,367.1056518554688
2024-01-12,371.8922424316406
2024-01-16,364.9109497070313
2024-01-17,365.8146362304688
2024-01-18,373.5208435058594
2024-01-19,380.7900695800781
2024-01-22,379.1316223144531
2024-01-23,382.5279235839844
2024-01-24,387.9898071289063
2024-01-25,390.45257568359375
2024-01-26,391.4059448242188
2024-01-29,398.2381591796875
2024-01-30,397.2847900390625
2024-01-31,387.4337158203125
2024-02-01,392.04144287109375
2024-02-02,471.695068359375
2024-02-05,456.2231140136719
2024-02-06,451.565673828125
2024-02-07,466.33245849609375
2024-02-08,466.7397155761719
2024-02-09,464.86279296875
2024-02-12,465.6473083496094
2024-02-13,456.92822265625
2024-02-14,469.9968872070313
2024-02-15,480.67236328125
2024-02-16,470.0366516113281
2024-02-20,468.4775390625
2024-02-21,465.2764587402344
2024-02-22,483.2699890136719
2024-02-23,481.182373046875
2024-02-26,478.9057922363281
2024-02-27,484.1845703125
2024-02-28,481.1723937988281
2024-02-29,487.2464599609375
2024-03-01,499.3448791503906
2024-03-04,495.259033203125
2024-03-05,487.3359680175781
2024-03-06,493.1714172363281
2024-03-07,509.17669677734375
2024-03-08,502.9734191894531
2024-03-11,480.7449645996094
2024-03-12,496.8098754882813
2024-03-13,492.6544799804688
2024-03-14,488.9364929199219
2024-03-15,481.2519226074219
2024-03-18,494.0561828613281
2024-03-19,493.3205261230469
2024-03-20,502.5458984375
2024-03-21,504.7727355957031
2024-03-22,506.5820617675781
2024-03-25,500.0606384277344
2024-03-26,492.9726257324219
2024-03-27,490.9544982910156
2024-03-28,482.7231750488281
2024-04-01,488.4592590332031
2024-04-02,494.4439086914063
2024-04-03,503.75872802734375
2024-04-04,507.9141540527344
2024-04-05,524.2374877929688
2024-04-08,516.195068359375
2024-04-09,513.8589477539062
2024-04-10,516.7716674804688
2024-04-11,520.0820922851562
2024-04-12,508.888427734375
2024-04-15,497.2870178222656
2024-04-16,496.8198547363281
2024-04-17,491.2627258300781
2024-04-18,498.8477783203125
2024-04-19,478.23974609375
2024-04-22,478.8959045410156
2024-04-23,493.1813659667969
2024-04-24,490.5966491699219
2024-04-25,438.7832946777344
2024-04-26,440.6820068359375
2024-04-29,430.0748291015625
2024-04-30,427.6392517089844
2024-05-01,436.6061096191406
2024-05-02,439.0815124511719
2024-05-03,449.301025390625
2024-05-06,462.9402770996094
2024-05-07,465.4852600097656
2024-05-08,469.8196411132813
2024-05-09,472.623046875
2024-05-10,473.3984069824219
2024-05-13,465.2566528320313
2024-05-14,469.073974609375
2024-05-15,478.7070007324219
2024-05-16,470.4458923339844
2024-05-17,469.1336669921875
2024-05-20,466.0817565917969
2024-05-21,461.896484375
2024-05-22,465.0279541015625
2024-05-23,463.0396728515625
2024-05-24,475.4065551757813
2024-05-28,477.0965576171875
2024-05-29,471.5692443847656
2024-05-30,464.30224609375
2024-05-31,464.0835266113281
2024-06-03,474.6808776855469
2024-06-04,474.1838073730469
2024-06-05,492.1474609375
2024-06-06,490.8551025390625
2024-06-07,490.0597839355469
2024-06-10,499.6431274414063
2024-06-11,504.4844665527344
2024-06-12,505.8463745117188
2024-06-13,501.13427734375
2024-06-14,501.6915588378906
2024-06-17,504.1494140625
2024-06-18,497.0444030761719
2024-06-20,499.24359130859375
2024-06-21,492.3574523925781
2024-06-24,496.46728515625
2024-06-25,508.1000061035156
2024-06-26,510.6076354980469
2024-06-27,517.01611328125
2024-06-28,501.751220703125
2024-07-01,502.2089538574219
2024-07-02,507.0054016113281
2024-07-03,507.463134765625
2024-07-05,537.2664184570312
2024-07-08,526.7283935546875
2024-07-09,527.405029296875
2024-07-10,532.0720825195312
2024-07-11,510.1897583007813
2024-07-12,496.4274597167969
2024-07-15,493.730712890625
2024-07-16,487.3919067382813
2024-07-17,459.7279968261719
2024-07-18,473.5201416015625
2024-07-19,474.45556640625
2024-07-22,485.0135803222656
2024-07-23,486.2972717285156
2024-07-24,459.0115051269531
2024-07-25,451.1900634765625
2024-07-26,463.41986083984375
2024-07-29,463.4298095703125
2024-07-30,460.922119140625
2024-07-31,472.5051574707031
2024-08-01,495.302978515625
2024-08-02,485.7500305175781
2024-08-05,473.4007568359375
2024-08-06,491.6708679199219
2024-08-07,486.526123046875
2024-08-08,507.1347351074219
2024-08-09,515.2349243164062
2024-08-12,513.423828125
2024-08-13,525.9520874023438
2024-08-14,524.1808471679688
2024-08-15,534.6991577148438
2024-08-16,524.8377075195312
2024-08-19,526.6885375976562
2024-08-20,524.1510009765625
2024-08-21,532.539794921875
2024-08-22,529.3255615234375
2024-08-23,525.4147338867188
2024-08-26,518.5684814453125
2024-08-27,516.558349609375
2024-08-28,514.249755859375
2024-08-29,515.6826171875
2024-08-30,518.7575073242188
2024-09-03,509.2543029785156
2024-09-04,510.2295227050781
2024-09-05,514.329345703125
2024-09-06,497.820556640625
2024-09-09,502.3184814453125
2024-09-10,502.3184814453125
2024-09-11,509.323974609375
2024-09-12,523.0265502929688
2024-09-13,522.0514526367188
2024-09-16,531.17529296875
2024-09-17,534.2032470703125
2024-09-18,535.8267822265625
2024-09-19,556.893310546875
2024-09-20,559.1343383789062
2024-09-23,562.1823120117188
2024-09-24,561.1065673828125
2024-09-25,566.0669555664062
2024-09-26,565.598876953125
2024-09-27,565.1207275390625
2024-09-30,570.1806640625
2024-10-01,574.1947021484375
2024-10-02,570.5491333007812
2024-10-03,580.4699096679688
2024-10-04,593.587890625
2024-10-07,582.471923828125
2024-10-08,590.5499267578125
2024-10-09,588.1793823242188
2024-10-10,581.5256958007812
2024-10-11,587.6215209960938
2024-10-14,588.0896606445312
2024-10-15,583.9561157226562
2024-10-16,574.5134887695312
2024-10-17,574.6529541015625
2024-10-18,574.1947021484375
2024-10-21,572.889892578125
2024-10-22,579.712890625
2024-10-23,561.4651489257812
2024-10-24,565.5391235351562
2024-10-25,570.9874267578125
2024-10-28,575.8781127929688
2024-10-29,590.9384155273438
2024-10-30,589.4642944335938
2024-10-31,565.33984375
2024-11-01,564.9215087890625
2024-11-04,558.4671020507812
2024-11-05,570.170654296875
2024-11-06,569.7921142578125
2024-11-07,589.3646850585938
2024-11-08,587.0139770507812
2024-11-11,580.8682861328125
2024-11-12,582.5118408203125
2024-11-13,577.7108154296875
2024-11-14,574.8820190429688
2024-11-15,551.8931274414062
2024-11-18,552.2119140625
2024-11-19,558.8755493164062
2024-11-20,563.2879028320312
2024-11-21,560.8675537109375
2024-11-22,556.9332275390625
2024-11-25,562.8795776367188
2024-11-26,571.2763061523438
2024-11-27,566.9534912109375
2024-11-29,572.0531616210938
2024-12-02,590.4901733398438
2024-12-03,611.2280883789062
2024-12-04,611.3575439453125
2024-12-05,606.5266723632812
2024-12-06,621.30810546875
2024-12-09,611.1483764648438
2024-12-10,616.8755493164062
2024-12-11,630.1829223632812
2024-12-12,628.30029296875
2024-12-13,617.9015502929688
2024-12-16,622.2776489257812
2024-12-17,617.4928588867188
2024-12-18,595.3128051757812
2024-12-19,593.6978759765625
2024-12-20,583.4103393554688
2024-12-23,597.96435546875
2024-12-24,605.839599609375
2024-12-26,601.453369140625
2024-12-27,597.924560546875
2024-12-30,589.3814697265625
2024-12-31,583.6695556640625
2025-01-02,597.3563232421875
2025-01-03,602.7294311523438
2025-01-06,628.2190551757812
2025-01-07,615.9476928710938
2025-01-08,608.8002319335938
2025-01-10,613.924072265625
2025-01-13,606.4177856445312
2025-01-14,592.3820190429688
2025-01-15,615.1801147460938
2025-01-16,609.37841796875
2025-01-17,610.8438110351562
2025-01-21,614.522216796875
2025-01-22,621.5401000976562
2025-01-23,634.4494018554688
2025-01-24,645.4546508789062
2025-01-27,657.8057250976562
2025-01-28,672.2103271484375
2025-01-29,674.363525390625
2025-01-30,684.8404541015625
2025-01-31,687.0135498046875
2025-02-03,695.2676391601562
2025-02-04,701.9764404296875
2025-02-05,702.654296875
2025-02-06,709.7518920898438
2025-02-07,712.2739868164062
2025-02-10,715.14501953125
2025-02-11,717.537353515625
2025-02-12,723.099853515625
2025-02-13,726.2698364257812
2025-02-14,734.354248046875
2025-02-18,714.1181640625
2025-02-19,701.5578002929688
2025-02-20,692.6558837890625
2025-02-21,681.4013061523438
2025-02-24,666.02978515625
2025-02-25,655.43310546875
2025-02-26,671.5823364257812
2025-02-27,656.1708374023438
2025-02-28,666.0995483398438
2025-03-03,652.9909057617188
2025-03-04,637.9882202148438
2025-03-05,654.4063720703125
2025-03-06,625.9561767578125
2025-03-07,623.6932373046875
2025-03-10,596.1102294921875
2025-03-11,603.8060302734375
2025-03-12,617.6124267578125
2025-03-13,588.7833862304688
2025-03-14,606.2289428710938
2025-03-17,603.5350952148438
2025-03-18,581.0458984375
2025-03-19,582.7420654296875
2025-03-20,584.6776733398438
2025-03-21,594.9044799804688
2025-03-24,617.4534912109375
2025-03-25,624.8966674804688
2025-03-26,609.6012573242188
2025-03-27,601.2202758789062
2025-03-28,575.4385986328125
2025-03-31,575.0594482421875
2025-04-01,584.6776733398438
2025-04-02,582.6123046875
2025-04-03,530.4203491210938
2025-04-04,503.591064453125
2025-04-07,515.0850830078125
2025-04-08,509.2981262207031
2025-04-09,584.4481811523438
2025-04-10,545.0572509765625
2025-04-11,542.3433837890625
2025-04-14,530.2807006835938
2025-04-15,520.3431396484375
2025-04-16,501.176513671875
2025-04-17,500.3484191894531
2025-04-21,483.56634521484375
2025-04-22,499.1510925292969
2025-04-23,519.0960083007812
2025-04-24,531.9469604492188
2025-04-25,546.0350341796875
2025-04-28,548.4994506835938
2025-04-29,553.1888427734375
2025-04-30,547.7611694335938
2025-05-01,570.9188232421875
2025-05-02,595.6728515625
2025-05-05,597.917724609375
2025-05-06,585.9846801757812
2025-05-07,595.4632568359375
2025-05-08,596.6605834960938
2025-05-09,591.1530151367188
2025-05-12,637.9871215820312
2025-05-13,654.5496826171875
2025-05-14,657.8721313476562
2025-05-15,642.427001953125
2025-05-16,638.8950805664062
2025-05-19,638.98486328125
2025-05-20,635.662353515625
2025-05-21,634.0659790039062
2025-05-22,635.133544921875
2025-05-23,625.64501953125
2025-05-27,640.87060546875
2025-05-28,642.1277465820312
2025-05-29,643.594482421875
2025-05-30,646.0289306640625
2025-06-02,669.3860473632812
2025-06-03,665.34521484375
2025-06-04,686.3976440429688
2025-06-05,683.0751342773438
2025-06-06,696.1355590820312
2025-06-09,692.4937744140625
2025-06-10,700.8150024414062
2025-06-11,692.5736083984375
2025-06-12,691.79541015625
2025-06-13,681.3291015625
2025-06-16,701.0746459960938
2025-06-17,696.19189453125
2025-06-18,694.7340698242188
2025-06-20,681.3341064453125
2025-06-23,697.4900512695312
2025-06-24,711.1396484375
2025-06-25,707.6248779296875
2025-06-26,725.009033203125
2025-06-27,732.5377197265625
2025-06-30,736.9910888671875
2025-07-01,718.149169921875
2025-07-02,712.5076293945312
2025-07-03,717.9395141601562
2025-07-07,717.2804565429688
2025-07-08,719.5970458984375
2025-07-09,731.6890258789062
2025-07-10,726.1572265625
2025-07-11,716.4417114257812
2025-07-14,719.8466796875
2025-07-15,709.3323364257812
2025-07-16,701.8634643554688
2025-07-17,700.3656616210938
2025-07-18,703.2314453125
2025-07-21,711.9085083007812
2025-07-22,703.7606811523438
2025-07-23,712.5176391601562
2025-07-24,713.7357177734375
2025-07-25,711.6189575195312
2025-07-28,716.5615844726562
2025-07-29,698.9578247070312
2025-07-30,694.1749877929688
2025-07-31,772.2884521484375
2025-08-01,748.8933715820312
2025-08-04,775.2140502929688
2025-08-05,762.3233642578125
2025-08-06,770.8406372070312
2025-08-07,760.6957397460938
2025-08-08,768.1546630859375
2025-08-11,764.7296752929688
2025-08-12,788.8237915039062
2025-08-13,778.9186401367188
2025-08-14,780.9655151367188
2025-08-15,784.0609130859375
2025-08-18,766.2274780273438
2025-08-19,750.3611450195312
2025-08-20,746.6067504882812
2025-08-21,737.9995727539062
2025-08-22,753.6661987304688
2025-08-25,752.1784057617188
2025-08-26,752.9772338867188
2025-08-27,746.2672729492188
2025-08-28,749.99169921875
2025-08-29,737.6001586914062
2025-09-02,734.0155029296875
2025-09-03,735.95263671875
2025-09-04,747.535400390625
2025-09-05,751.3297729492188
2025-09-08,751.179931640625
2025-09-09,764.5599975585938
2025-09-10,750.8604125976562
2025-09-11,749.7820434570312
2025-09-12,754.465087890625
2025-09-15,763.5614624023438
2025-09-16,777.8401489257812
2025-09-17,774.5650634765625
2025-09-18,779.0883178710938
2025-09-19,777.2210693359375
2025-09-22,764.5364379882812
2025-09-23,754.784423828125
2025-09-24,760.0401000976562
2025-09-25,748.2996826171875
2025-09-26,743.1439208984375
2025-09-29,742.794189453125
2025-09-30,733.7815551757812
2025-10-01,716.7554321289062
2025-10-02,726.45751953125
2025-10-03,709.98095703125
2025-10-06,715.0767822265625
2025-10-07,712.4989013671875
2025-10-08,717.2550659179688
2025-10-09,732.9122314453125
2025-10-10,704.7252197265625
2025-10-13,715.1167602539062
2025-10-14,708.072509765625
2025-10-15,716.9652709960938
2025-10-16,711.48974609375
2025-10-17,716.3357543945312
2025-10-20,731.5733032226562
2025-10-21,732.6724853515625
2025-10-22,732.8123168945312
2025-10-23,733.40185546875
2025-10-24,737.75830078125
2025-10-27,750.2081298828125
2025-10-28,750.82763671875
2025-10-29,751.0574340820312
2025-10-30,665.9268798828125
2025-10-31,647.8216552734375
2025-11-03,637.1903686523438
2025-11-04,626.8087768554688
2025-11-05,635.4317626953125
2025-11-06,618.4356079101562
2025-11-07,621.203369140625
2025-11-10,631.2451782226562
2025-11-11,626.5690307617188
2025-11-12,608.5137329101562
2025-11-13,609.3930053710938
2025-11-14,608.96337890625
2025-11-17,601.5194091796875
2025-11-18,597.2029418945312
2025-11-19,589.8389282226562
2025-11-20,588.669921875
2025-11-21,593.7657470703125
2025-11-24,612.5504150390625
2025-11-25,635.7014770507812
2025-11-26,633.0936279296875
2025-11-28,647.4219970703125
2025-12-01,640.3477172851562
2025-12-02,646.5726318359375
2025-12-03,639.0787353515625
2025-12-04,660.990966796875
2025-12-05,672.8712158203125
2025-12-08,666.256591796875
2025-12-09,656.4246826171875
2025-12-10,649.6002197265625
2025-12-11,652.1781005859375
2025-12-12,643.7050170898438
2025-12-15,647.510009765625
2025-12-16,657.1500244140625
2025-12-17,649.5
2025-12-18,664.4500122070312
2025-12-19,658.77001953125
2025-12-22,661.5
2025-12-23,664.9400024414062
2025-12-24,667.5499877929688
2025-12-26,663.2899780273438
2025-12-29,658.6900024414062
2025-12-30,665.9500122070312
2025-12-31,660.0900268554688
2026-01-02,650.4099731445312
